nom_du_produit,prix,taille_ecran,ram,stockage
"Samsung Galaxy A05 - 6.7"" - 4GB + 128GB - Noir",1259.0,6.7,4,128
"Samsung Galaxy A05 - 6.7"" - 4GB + 128GB - Vert clair",1259.0,6.7,4.0,128.0
"Samsung Galaxy A05 - 6.7"" - 4G + 64GB - Noir",1149.0,6.7,4.0,128.0
Infinix HOT 40I - 4+4 GB RAM + 128 GB ROM - Gold,1370.0,6.5,4,128
Samsung Galaxy A15 - 8G + 256GB - Noir,2188.0,6.5,8.0,256.0
Infinix HOT 40I - 4+4 GB RAM + 128 GB ROM - Black,1370.0,6.5,4,128
Samsung Galaxy A15 - 4G + 128GB - Noir,1699.0,6.5,4,128
"XIAOMI REDMI NOTE 13 – 6.67""- 8GB+128GB – ICE BLUE",2334.0,6.67,8,128
Infinix HOT 40I - 4+4 GB RAM + 128 GB ROM - Bleu,1370.0,6.5,4,128
"Samsung Galaxy A05 - 6.7"" - 4G + 64GB - Vert",1149.0,6.7,4,64
Samsung Galaxy A15 - 4G + 128GB - Bleu,1699.0,6.5,4,128
"XIAOMI REDMI NOTE 13 – 6.67""- 8GB+256GB - ICE BLUE",2549.0,6.67,8,256
"Samsung Galaxy M13 - 6.6"" - 4GB RAM + 128GB ROM – 50Mpx – Light Blue",1475.0,6.6,4,128
"Samsung Galaxy A05 - 6.7"" - 4G + 64GB - Silver",1149.0,6.7,4,64
"XIAOMI REDMI NOTE 13 PRO – 6.67""- 12GB + 512GB – MIDNIGHT BLACK",3978.0,6.67,12,512
"Samsung Galaxy M13 - 6.6"" - 4GB RAM + 128GB ROM – 50Mpx – Deep Green",1475.0,6.6,4,128
"Samsung A05s - 6,7"" - 6GB+128GB - Silver",1729.0,6.7,6,128
"Samsung A05s - 6,7"" - 6GB+128GB - Noir",1729.0,6.7,6,128
"Samsung A05s - 6,7"" - 6GB+128GB - Mauve",1729.0,6.7,6,128
"Infinix Note 40 pro - 6.78"" - 24GB (12+12GB) RAM + 256GB ROM - Vert",3339.0,6.78,24,256
"Samsung Galaxy M13 - 6.6"" - 4GB RAM + 128GB ROM - 50Mpx - Orange copper",1475.0,6.6,4,128
"XIAOMI REDMI NOTE 13 – 6.67""- 8GB+256GB - MINT GREEN",2549.0,6.67,8,256
"Apple iPhone 13 128GB Lumière Stellaire 6,1"" Starlight 5G A15 IOS Cinematique 4Gb RAM",7675.0,6.1,4,
Infinix HOT 40I - 8+8 GB RAM + 256 GB ROM - Bleu,1629.0,6.5,8,256
"Nokia 105 (2019) 1.77"" (4Mo, 4Mo) Dual SIM - Noir",199.0,1.77,,
"XIAOMI Redmi Note 13 Pro+ 5G - 6.67"" – 8 GB RAM – 256 GB ROM – MOONLIGHT WHITE",4805.0,6.67,8,256
"Samsung Galaxy A25 - 6.3"" 8GB+256GB - Bleu",3099.0,6.3,8,256
"Infinix Note 40 - 6.78"" - 16GB( 8+8GB) RAM + 256GB ROM - Noir",2800.0,6.78,16,256
Samsung Galaxy A15 - 8G + 256GB - Jaune,2188.0,6.5,8,256
Infinix HOT 40I - 8+8 GB RAM + 256 GB ROM - Gold,1629.0,6.5,16,256
"Apple iPhone 13 128GB Vert 6,1"" Green 5G A15 IOS Mode Cinematique 4Gb RAM Garantie 1an",8475.0,6.1,4,128
"Apple iPhone 14 128GB Mauve 6,1"" Purple A15 IOS Mode Action & SOS 6Gb RAM 4K Garantie",9475.0,6.1,6,128
"Honor X7b 6.8"" (256GB / 6GB jusqu'à 12Go ) Snapdragon 680 - 6000 mAh - 108 MP- Silver",1990.0,6.8,12,256
Lbstar mini phone /Bluetooth intégrée / 2 carte sim/passer un appel,143.65,,,
"Tecno Spark Go 2024 - 6.6"" (64GB de ROM + 3GB jusqu'à 6Go de RAM) 5000mAh / Blanc",999.0,6.6,6,64
Samsung Galaxy A15 - 4G + 128GB - Jaune,1699.0,6.5,4,128
"Samsung Galaxy S21 FE 6,4"" 8G/256GB SM-G990ELGGMWD - Olive",4589.0,6.41,8,256
Samsung Galaxy A14 6.6'' LTE 4+128GB 50 Mpx SILVER,1650.0,6.6,4,128
"Tecno Spark Go 2024 - 6.6"" (64GB de ROM + 3GB jusqu'à 6Go de RAM) 5000mAh - Noir",999.0,6.6,3,64
"Nokia Téléphone mobile, Dual SIM plus carte sim",229.0,,,
"XIAOMI REDMI NOTE 13 PRO – 6.67""-12GB+512GB – FOREST GREEN",3978.0,6.67,12,512
"Apple iPhone 13 128GB Bleu 6,1"" Blue 5G A15 IOS Mode Cinematique 4Gb RAM Garantie 1 an",8475.0,6.1,4,128
"XIAOMI REDMI NOTE 13 PRO – 6.67""- 12GB + 512GB – LAVENDER PURPLE",3978.0,6.67,12,512
"Samsung Galaxy S22 Ultra - 6.8"" - 12GB + 256GB - Vert",8990.0,6.8,12,256
"XIAOMI Redmi Note 13 Pro+ 5G - 6.67"" – 8 GB RAM – 256 GB ROM – MIDNIGHT BLACK",4668.0,6.67,8,256
"Samsung Galaxy S22 Ultra - 6.8"" - 12GB + 256GB - Noir",8990.0,6.8,12,256
"Apple iPhone 11 64GB Blanc 6,1"" White A13 Bionic iOS Retina HD 4GB RAM Garantie 1 an",5575.0,6.1,4,64
"Honor X7b 6.8"" (256GB / 6GB jusqu'à 12Go ) - 6000 mAh - 108 MP- Midnight Black",1990.0,6.8,6,256
"Samsung Galaxy A25 - 6.3"" 8GB+256GB - Noir",3099.0,6.3,8,256
"Nokia 110 - 2.4"" - Dual Sim - Noir",489.0,2.4,,
"Nokia 105 (2019) 1.77"" (4Mo, 4Mo) Dual SIM - Noir",197.0,1.77,,
"Samsung Galaxy S21 FE 6,4"" 8G/256GB SM-G990EZWGMWD - Blanc",4589.0,6.41,8,256
"Samsung Galaxy M23 5G - 6.6"" - 4GB RAM+128GB ROM - 50Mpx - Light Blue",1939.0,6.6,4,128
"Tecno Spark 20 Pro - 6,7'' (256Go / 8GB jusqu'à 16 Go) 120Hz - Helio G99 - Gold",2090.0,6.7,8,256
"Samsung Galaxy S21 FE 6,4"" 8G/256GB SM-G990ELVGMWD - Violet",4589.0,6.41,8,256
Samsung Galaxy S23 Ultra 12 Go Ram + 256 Go Rom - Cream,11219.0,6.8,12,256
SQ Mobile S15 Mini militaire 3in1+ Power Bank 3000 mAh-2 sim-Flash-Fm sans fil-Bluetooth,499.0,,,
"Samsung Galaxy M23 5G - 6.6"" - 4GB RAM+128GB ROM - 50Mpx - Orange Copper",1939.0,6.6,4,128
Samsung Galaxy S23 Ultra 12 Go Ram + 256 Go Rom - Green,11219.0,6.8,12,256
"Samsung Galaxy S22 Ultra - 6.8"" - 12GB + 256GB - White",8990.0,6.8,12,256
"XIAOMI Redmi Note 13 Pro - 6.67"" AMOLED 8/256 GB Octa-core 200MP 5000mAh Midnight Black",3491.0,6.67,8,256
"XIAOMI Redmi 13C 6.74"" (6GB - 128GB) Helio G85 - 5000 mAh - 50 MP - Noir",1620.0,6.74,6,128
"Honor X7b 6.8"" (256GB / 6GB jusqu'à 12Go ) - 6000 mAh - 108 MP- Silver",1940.0,6.8,6,256
Samsung Galaxy S23 Ultra 12 Go Ram + 256 Go Rom - Phantom Black,11119.0,6.8,12,256
"XIAOMI redmi A3 - 6,7"" - 4 + 128 GB - Forest Green",1380.0,6.7,4,128
Nokia G21 128Go 6Go Bleu Batterie 5050 mah - Écran 6.5 - 90Hz,1250.0,6.5,6,128
"Itel it2171 Dual SIM -1.77""-Bluetooth-Camera 1.3MP-Micro Sd-Wireless-Fm",239.0,1.77,,
Infinix HOT 20 X6826 128 Rom 4 Ram - Tempo Blue,1799.0,,4,128
"Apple iPhone 15 Pro Max 256GB Titane Noir 6,7"" Bouton Action A17 Pro 8GB RAM iOS 17",14375.0,6.7,8,256
"XIAOMI Redmi 12 Amoled 6,79″ (8Go, 256Go) MediaTEK HELIO G88 - 50MP- SILVER",1999.0,6.79,8,256
"Nokia -105- 2019 - 1.77"" - FM Radio-LED torch - DOUBLE SIM",289.0,1.77,,
Infinix HOT 20S X6827 - 6.78” - 128ROM + 8RAM - Sonic Black,2288.0,6.78,8,128
"L8Star BM10 Mini Cell Phone, Mini Mobile Dual Sim Card",199.0,,,
"Apple iPhone 15 Pro Max 256GB Titane Naturel 6,7"" Bouton Action A17 Pro 8GB RAM iOS 17",14525.0,6.7,8,256
"Itel A50 6GB(2+4GB)/64GB, 6,6” Dynamic Display, 5000mAh, 4G - Lime Green",909.0,6.6,4,64
"Apple iPhone 15 Pro Max 256GB Titane Blanc 6,7"" Bouton Action A17 Pro 8GB RAM iOS 17",14675.0,6.7,8,256
"XIAOMI Redmi Note 10 Pro - 6.67"" (8Go, 256Go) 108MP / 8MP - Bronze + Band + Écouteur",3049.0,6.67,8,256
"Itel A70 8GB(3+5GB)/128GB, HD+, 13MP, 6.6”, 5000mAh, Type C, Azure Blue",1059.0,6.6,8,128
"Nokia 105-2022 - 1.77"" - FM Radio-LED torch - DOUBLE SIM",399.0,1.77,,
SQ Mobile S15 Mini Robuste militaire 3in1+ Power Bank 3000 mAh- VGA- Dual sim-Flash-Fm sans fil-Bluetooth - noir,469.0,,,
"XIAOMI Redmi Note 10 Pro - 6.67"" (8Go, 256 Go) 108MP / 8MP - Gris + Band + Écouteur",3249.0,6.67,8,256
Accent Tank P18 Gsm 2in1,339.15,,,
Nokia Nouveau téléphone 105,289.0,,,
"Samsung Galaxy A25 - 6.3"" 6GB+128GB - Noir",2749.0,6.3,6,128
"Samsung Tele B310E - 2"" - Dual Sim - Radio",339.15,,,
Nokia Petit mais puissant Découvrez notre mini téléphone,225.25,,,
Accent Tank P18 Gsm 2in1,399.0,,,
Nokia 105 Dual SIM Noir,258.0,,,
Accent Tank P18 Gsm 2in1,339.15,,,
Accent Tank P18 Gsm 2in1,310.25,,,
Telefunken MOBILE PHONE TF703,194.65,,,
Samsung Téléphone portable B310E blanc duos,274.55,,,
Samsung Téléphone portable B310E noir duos,274.55,,,
Accent Tank P18 Gsm 2in1 power Bankk 5000mAh 1.8pouces Caméra et Video,459.0,,,
Nokia 105 Dual SIM Noir,304.3,,,
"Nokia 106 - 1.8"" - FM Radio - DOUBLE SIM",459.0,1.8,,
"Petit mais puissant Découvrez notre mini téléphone, la taille ne fait pas tout",211.65,,,
Accent Tank P18 Gsm 2in1,488.0,,,
"Nokia Phone 106 -DOUBLE SIM - 1.8"" - LED LAMPE -Mèmoire de 2000 Contacts",159.5,1.8,,
Honor Magic 6 Lite (8GB+256GB) +12 Ram 5G Snapdragon 6 -5300 mAh - 108 MP-Vert,2750.0,6.78,8,256
STG Telecom C10 (1GB Ram + 8GB Rom)Quad core - 2MP- 1400mAh-noir,299.0,,1,8
"Samsung Galaxy A34 5G 6,6"" - 8GB + 128GB - Awesome Lime",2958.0,6.6,8,128
"Apple iPhone 15 128GB Noir 6,1"" Black Dynamic Island A16 Bionic iOS 48 Mpx 6Gb RAM",9275.0,6.1,6,128
"Itel A70 8GB(3+5GB)/128GB, HD+, 13MP, 6.6”, 5000mAh, Type C, Field Green",1059.0,6.6,8,128
"XIAOMI Redmi 13C 6.74"" (8GB - 256GB) Helio G85 - 5000 mAh - 50 MP - Bleu",1750.0,6.74,8,256
"Apple iPhone 15 Pro Max 256GB Titane Bleu 6,7"" Bouton Action A17 Pro 8GB RAM iOS 17",14275.0,6.7,8,256
"Nokia C20 Telephone Android 11 - 6.5"" IPS LCD 2/16GB - 3000mAh - 5MP - Dark Blue",749.0,6.5,2,16
"Itel A70 8GB(3+5GB)/128GB, HD+, 13MP, 6.6”, 5000mAh, Type C, Brilliant Gold",1059.0,6.6,8,128
"Itel S24 8+8GB/256GB, 108MP, G91, 6.6” HD+ 90Hz, Dawn White + Smartwatch E1 ISW-32B",1690.0,6.6,8,256
"Kxd D26 6.26 Pouces, 4G Dual SIM, 13MP+8MP, 2Go RAM+32Go ROM, 3600mAh, GPS - NOIR",790.0,6.26,2,32
"Nokia 3310 - 2.4"" - Bleu foncé Dual SIM MP3 Player, Wireless FM Radio Camera,",259.5,2.4,,
Nokia Téléphone Portable 105 / Double SIM,145.0,,,
"Infinix Smart 8 6.6"" (128GB / 4GB jusqu'à 8Go ) 5000mAH - IPS LCD 90Hz - Gold",1189.0,6.6,4,128
"Oppo RENO11 5G - 6,7"" - 12Go+256Go - 50MP - Wave Green + Cadeau ENCO BUDS2",4999.0,6.7,12,256
Itel P55 24GB (8+16GB) + 256GB - 50MP - 6.6” HD+ 90Hz - 18W - Moonlit Black + Buds Offert,1349.0,6.6,8,256
"Samsung Galaxy A15 6.6"" 4G LTE (4GB RAM + 128GB ROM) - 50 Mpx - Bleu Noir",1690.0,6.6,4,128
"XIAOMI Redmi 13C 6.74"" (8GB - 256GB) Helio G85 - 5000 mAh - 50 MP - Noir",1740.0,6.74,8,256
Samsung Galaxy A14 - 6.6'' - LTE - 6GB + 128GB - 50 Mpx - Silver,1938.0,6.6,6,128
Honor Magic 5 Lite (8GB+256GB) +12 Ram 5G Snapdragon 6 -5300 mAh - 108 MP-Noir,2269.0,6.78,8,256
"Infinix HOT 40 - 6.7"" (256Go ROM / 8GB jusqu'à 16Go) Helio G88 - 50MP - 5000 MAh - Noir",2090.0,6.7,8,256
Oppo RENO11 F 5G - 8Go + 256Go - 32MP selfie - Palm Green + Cadeau ENCO BUDS2,3999.0,6.7,8,256
"Ulefone Téléphone robuste Armor 24 ,12 Go + 256 Go 22000 mAh 64 mégapixels vision nocturne 6 W lumière",4790.0,,12,256
"Apple iPhone 15 128GB Bleu 6,1"" Blue Dynamic Island A16 Bionic iOS 48 Mpx 6Gb RAM Siri",9175.0,6.1,6,128
"Apple iPhone 13 128GB Minuit 6,1"" Midnight A15 IOS Mode Cinematique 4Gb RAM Garantie",8475.0,6.1,4,128
"XIAOMI Redmi Note 13 Pro+ 5G - 6.67"" - 12 GB RAM - 512 GB ROM - AURORA PURPLE",5304.0,6.67,12,512
STG Telecom K10 (2GB Ram + 32GB Rom)-4G-Ecran 6.1” - 8MP- 3000mAh-BLEU,670.0,6.1,2,32
"Samsung Galaxy A05s - 6,7"" - 6GB+128GB - Silver",1683.0,6.7,6,128
Amazfit GTR 3 Pro Noir,1390.0,,,
"Apple IPhone XR, 6.1"", IOS 128Go - Blanc - Remis à Neuf",3650.0,6.1,,128
"Samsung A05s - 6,7"" - 4GB+128GB - Noir",1492.0,6.7,4,128
Poco M6 Pro 4G 256Go 8Go Noir,2600.0,6.67,8,256
"Apple iPhone 15 Pro Max (256 Go / 8 Go RAM) - Titane Naturel - Ecran OLED 6.7"" - New",14550.0,6.7,8,256
"Infinix Smart 8 6.6"" (128GB / 4GB jusqu'à 8Go ) 5000mAH - IPS LCD 90Hz - Noir",1189.0,6.6,4,128
"Apple iPhone 15 Pro Max 512GB Titane Noir 6,7"" Bouton Action A17 Pro 8GB RAM iOS 17",16175.0,6.7,8,512
Oppo RENO11 F 5G - 8Go + 256Go - 32MP selfie - Ocean Blue + Cadeau ENCO BUDS2,3999.0,6.7,8,256
"Tecno Spark Go 2024 - 6.6"" (128GB de ROM + 4GB jusqu'à 8Go de RAM) 5000mAh - Blanc",1171.0,6.6,4,128
"XIAOMI POCO X6 (8Go, 256Go) 5G 6.67""AMOLED - Snapdragon 7s Gen 2- 64MP - Noir",3200.0,6.67,8,256
Nokia 5310 Dual SIM Blanc/Rouge,289.99,2.4,,
"Honor X5 Plus 6.5"" (4GB - 64GB) LCD 90Hz - 5200 mAh - 50MP- Cyan",1199.0,6.5,4,64
Samsung Galaxy S24 Ultra SM-S928B Titanium Noir (12Go / 512 Go) Dynamic AMOLED 2x - Neuf,13999.0,,12,512
"ZTE Smartphone 5"" Gsm blade L9 32GB +1GB 3G+-Dual SIM-inch -8MP--Bleu",700.0,5.0,1,32
Samsung GALAXY M54 - 256Go - 8Go Ram - 64 Mpx - Android - Silver,3649.0,6.7,8,256
"Infinix Smart 8 6.6"" (128GB / 4GB jusqu'à 8Go ) 5000mAH - IPS LCD 90Hz - Green",1180.0,6.6,4,128
"Nokia 150 - 2.4"" - Dual Sim",204.99,2.4,,
"XIAOMI REDMI NOTE 13 PRO – 6.67""- 8GB+256GB – LAVENDER PURPLE",3342.0,6.67,8,256
"Itel A70 8GB (3+5GB)/64GB, HD+ - 13MP, 6.6” - 5000mAh, Type C - Azure Blue",959.0,6.6,3,64
"Apple iPhone 13 128GB Rose 6,1"" Pink 5G A15 IOS Mode Cinematique 4Gb RAM Garantie 1 an",8475.0,6.1,4,128
"Apple iPhone 12 Normal - 64GB - 6,1"" Black 5G Bionic A14 - 4Gb RAM iOS - Garantie 1 an",5499.0,6.1,4,64
"Apple iPhone 11, 6.1"", 64Go - Blanc - Remis à Neuf",4480.0,6.1,,64
"Honor X8b 6.7"" (256Go / 8GB jusqu'à 16Go) Snapdragon 680 - 108MP/50MP-Vert",2450.0,6.7,8,256
"Apple iPhone 14 128GB Minuit 6,1"" Midnight A15 IOS Mode Action & SOS 6Gb RAM Garantie",8475.0,6.1,6,128
"Apple iPhone 14 128GB Bleu 6,1"" Blue A15 iOS Mode Action & SOS 6Gb RAM Siri Garantie",8875.0,6.1,6,128
Infinix HOT 30i X669C - (128Go ROM / 8GB jusqu'à 16Go) - 50MP - Noir,1350.0,,8,128
"Infinix Smart 7 HD 6.6"" (64GB / 2GB jusqu'à 4Go ) 5000mAH - Green",990.0,6.6,2,64
"Honor X7b 6.8"" (256GB / 6GB jusqu'à 12Go ) Snapdragon 680 - 6000 mAh - 108 MP- Silver",1949.0,6.8,6,256
Itel P55 24GB (8+16GB) + 256GB - 50MP - 6.6” HD+ 90Hz - 18W - Aurora Blue + Buds Offert,1349.0,6.6,8,256
"Apple iPhone 15 Pro 128GB Titane Bleu 6,1"" Bouton Action A17 Pro 8GB RAM iOS 17 Siri",11975.0,6.1,8,128
Nokia 150 Téléphone Portable Double SIM Noir,194.0,,,
"XIAOMI REDMI NOTE 13 PRO - 6.67""- 8GB+256GB - FOREST GREEN",3342.0,6.67,8,256
Samsung Galaxy A54 5G - 6.5'' - (8GB - 128GB) -50MP+12MP+5MP+/32MP - Noir,3890.0,6.5,8,128
"XIAOMI Redmi A3 6.7"" - ( 128Go - 4RAM ) 13MP - 5000mAh - Bleu",1289.0,6.7,4,128
Samsung Galaxy S24 Ultra SM-S928B Titanium Gris (12Go / 512 Go) Dynamic AMOLED 2x - Neuf,14800.0,,12,512
"XIAOMI Redmi Note 13 Amoled 120Hz 6,67″(6Go, 128Go) Snapdragon 685 - 108MP/8 MP- Bleu",2150.0,6.67,6,128
Honor 90 (12GB+512 GB) 5G - Snapdragon 7 Gen1 4nm - 200 MP - Noir,4090.0,6.7,12,512
"Nokia 5710 Téléphone avec écouteurs sans Fil intégrés, connectivité 4G,",488.0,,,
"Honor X6a 6.5"" (4GB -128GB) LCD 90Hz - 5200 mAh - 50MP- Cyan",1440.0,6.5,4,128
Oppo A38 (6Go+128Go) - 90Hz Ecran Sunlight- 33W - 50MP AI - Glowing Gold,1849.0,,6,128
"Itel A70 12GB (4+8Go)/256Go, HD+ - 13MP, 6.6” - 5000mAh, Type C - Field green",1159.0,6.6,4,256
Nokia Phone 6300 Il ne prend en charge que les réseaux 2G.,259.0,,,
"Oppo A78 - 8Go+ 256Go - 6,43"" FHD+ AMOLED 90Hz- 5000mAh - Aqua Green",2699.0,6.43,8,256
Nokia Téléphone 5310 -Dual Sim (2020)/ Blanc Rouge,799.0,,,
"Tecno Spark 20 Pro Plus 6,7"" Amoled ( 256Go /16GB (8+8Go) Helio G99 Ultimate - Green",2819.0,6.7,8,256
"XIAOMI Redmi Note 13 Amoled 120Hz 6,67″(6Go, 128Go) Snapdragon 685 - 108MP/8 MP- Noir",2180.0,6.7,8,128
"Infinix Note 40 pro + 5G - 6.78"" -24G (12+12) RAM + 512GB ROM – Vintage Green",3900.0,6.78,12,512
"XIAOMI Redmi Note 11S 6,5"" (6Go, 128Go) MediaTek Helio G 96 -108MP/16MP- Gris",2150.0,6.5,6,128
"Tecno Spark 20 Pro Plus 6,7"" Amoled ( 256Go /16GB (8+8Go) Helio G99 Ultimate - Noir",2790.0,6.7,8,256
"Kxd 6A 5.5 Pouces, 3G Dual SIM, 5MP+2MP, 1Go RAM+8Go ROM, 2500mAh, GPS - BLEU",530.0,5.5,1,8
"Apple iPhone 15 128GB Rose 6,1"" Pink Dynamic Island A16 Bionic iOS 48 Mpx 6Gb RAM Siri",9675.0,6.1,6,128
Nokia 105 - Téléphone portable débloqué GSM,145.0,,,
"XIAOMI Redmi 12 Amoled 6,79″ (8Go, 256Go) MediaTEK HELIO G88 - 50MP- Noir",1890.0,6.79,8,256
"Tecno Spark 20 - 6,6'' 90Hz (256Go / 8GB jusqu'à 16 Go) Helio G85 - Gravity Black",1490.0,6.6,8,256
Nokia 5710 XA 2 carte sim,489.0,,,
Nokia 5710 2 carte sim carte mémoire SD,350.0,,,
"XIAOMI Redmi 13C 6.74"" (8GB - 256GB) Helio G85 - 5000 mAh - 50 MP - VERT",1740.0,6.74,8,256
Itel S24 8+8GB + 256GB - 108MP - Processeur G91 - 6.6” HD+ 90Hz - Starry Black,1599.0,6.6,8,256
"Infinix Note 40 Pro 6.7"" (256Go ROM / 12GB jusqu'à 24Go) Helio G99 - Vintage Green",3649.0,6.7,12,256
"Logicom Téléphon2G DUAL SIM - ECRAN 1.77"" 128 X 160 - 32 MO - BLUETOOTH 2.1",139.0,1.77,,
"Apple iPhone 14 Pro Max 1TB Noir Sideral 6,7"" Space Black 6Gb RAM iOS Dynamic Island",16975.0,6.7,6,1000
"Apple iPhone 11 64GB Noir 6,1"" Black A13 Bionic iOS Retina HD 4GB RAM Garantie 1 an",5275.0,6.1,4,64
"Itel A50 6.6"" HD+ 64GB ROM / 6GB RAM( 2+4) - 5000mAh - Misty Black",990.0,6.6,2,64
"Tecno Spark Go 2024 - 6.6"" (128GB de ROM + 4GB jusqu'à 8Go de RAM) 5000mAh / Noir",1173.0,6.6,4,128
"Apple iPhone 15 Pro Max 512GB Titane Blanc 6,7"" Bouton Action A17 Pro 8GB RAM iOS 17",17475.0,6.7,8,512
"Samsung Galaxy M33 - 6.6"" - 5G - 6GB RAM+128GB ROM -Dual Sim - 50Mpx - Marron",2390.0,6.6,6,128
"XIAOMI Redmi Note 13 - 6.67"" AMOLED 8/256GB Snapdragon®685 108MP 5000mAh Midnight Black",2600.0,6.67,8,256
"Apple iPhone 15 Pro Max 1TB Titane Blanc 6,7"" Bouton Action A17 Pro 8GB RAM iOS 17",21575.0,6.7,8,1000
Honor 90 lite 5G 256Go 8Go Ram Noir,1950.0,,8,256
"Tecno Spark 20 - 6,6'' 90Hz (256Go / 8GB jusqu'à 16 Go) Helio G85 - Gravity Black",1499.0,6.6,8,256
"Tecno Spark Go 2024 - 6.6"" (64GB de ROM + 3GB jusqu'à 6Go de RAM) 5000mAh - Blanc",999.0,6.6,3,64
Samsung Téléphone Portable,399.0,2.4,,
"Itel P55 6.6"" IPS LCD 90Hz - 128GB ROM / 24GB RAM( 8+16) - 5000mAh - Aurora Blue",1230.0,6.6,24,128
STG Telecom C10 (1GB Ram + 8GB Rom)Quad core - 2MP- 1400mAh-bleu,299.0,,1,8
"Kxd 6A 5.5 Pouces, 3G Dual SIM, 5MP+2MP, 1Go RAM+8Go ROM, 2500mAh, GPS - VERT",529.0,,1,8
Itell A70,1049.0,,,
"Logicom P-178e, téléphone mobile double SIM",135.0,,,
"Kxd 6A 5.5 Pouces, 3G Dual SIM, 5MP+2MP, 1Go RAM+8Go ROM, 2500mAh, GPS - Noir",529.0,,1,8
"Apple iPhone 15 Pro Max 256 Go - Titanium Blue - Ecran OLED 6.7"" inch - 8 Go RAM - New",14700.0,6.7,8,256
Samsung Galaxy A24 (6GB RAM + 128GB ROM) - Blanc- Chargeur NN inclus - Remis a Neuf,1957.0,,6,128
"Samsung Galaxy A25 5G 6.3"" (6GB RAM + 128GB ROM) - 50 Mpx - Noir",2650.0,6.3,6,128
"Samsung Galaxy A05S 6.7"" 4G LTE (6GB RAM + 128GB ROM) - 50 Mpx - Noir",1700.0,6.7,6,128
Samsung Galaxy S24 Ultra SM-S928B Titanium Gris (12Go / 256 Go) Dynamic AMOLED 2x - Neuf,12999.0,,12,256
"Infinix Note 30 - 6.7""-(8 Go-256 Go) ram+ jusqu'a 8G AMOLED -Helio G 99 - 64 MP - BLEU",2290.0,6.7,8,256
"Apple iPhone 12 Normal (64 Go, 4 Go RAM) - 6,1"" - White (Blanc) - A14 Bionic - Neuf",5499.0,6.1,4,64
"XIAOMI Redmi 9C 6.53"" (4Go, 128 Go) Android 13MP+2MP+2MP/5MP - Vert",1360.0,6.53,4,128
"realme 12 pro Plus 5G 6.7"" (512Go ROM / 12GB jusqu'à 24Go) Amoled - 5000mAH/67W - Beige",5480.0,6.7,12,512
"Samsung Galaxy A05s - 6,7"" - 6GB+128GB - Mauve",1683.0,6.7,6,128
"XIAOMI Redmi 13C 6.74"" (6GB - 128GB) Helio G85 - 5000 mAh - 50 MP - Noir",1590.0,6.74,6,128
"Samsung Galaxy A03 (4G Ram 64 G Rom) 6.5"" 5000 mAh - 48MP - Dual Sim-Noir",1440.0,6.5,4,64
"Apple iPhone 15 Pro 128GB Titane Naturel 6,1"" Bouton Action A17 Pro 8GB RAM iOS Siri",11975.0,6.1,8,128
"Samsung Galaxy A13 (4G Ram 64G Rom) 6.5"" 5000 mAh - 50MP - Dual Sim-Blanc",1740.0,6.5,4,64
"Honor X7b 6.8"" (256GB / 6GB jusqu'à 12Go ) Snapdragon 680 - 6000 mAh - 108 MP- Silver",1949.0,6.8,6,256
Nokia TÉLÉPHONE PORTABLE 150 2023 - NOIR,339.0,,1,8
Motorola moto G84 5G 256Go 12Go rouge,2450.0,,12,256
"Logicom Smartphone Double Sim Le Five, 2Go de RAM et 16 Go de ROM, Écran 5""",645.0,,2,16
"XIAOMI Redmi 13 - 6,79"" - 6+128 - Noir",1849.0,6.79,6,128
"XIAOMI Redmi 12 Amoled 6,79″ (8Go, 128Go) MediaTEK HELIO G88 - 50MP- Bleu",1899.0,6.79,8,128
"Nokia 5.1 Plus Telephone 5.8""HD 4G+ 32Gb Ram 3Go-Double SIM 3060mAh-13MP-Black",1095.0,5.8,3,32
"Tecno Spark 20 Pro - 6,7'' IPS LCD 120Hz (256Go / 8GB jusqu'à 16 Go) Helio G99 - Noir",2070.0,6.7,8,256
"XIAOMI Redmi Note 13 PRO (8Go, 256Go) Mediatek G99-Ultra- 200MP-Vert",3150.0,6.67,8,256
"Samsung Galaxy A13 6.6"" LTE 4GB RAM + 64GB ROM 50 Mpx -WHITE",1739.0,6.6,4,64
"Apple iPhone 15 Pro Max 1TB Titane Noir 6,7"" Bouton Action A17 Pro 8GB RAM iOS 17",21575.0,6.7,8,1000
"Nokia Dual Sim Keypad Mobile, radio FM sans fil, Bluetooth, lecteur MP3",289.0,,,
"Infinix Smart 7 HD 6.6"" (64GB / 2GB jusqu'à 4Go ) 5000mAH - Black",980.0,6.6,2,64
"Itel P55 24GB(8+16GB)/256GB, 50MP, 6.6” HD+ 90Hz, 18W, Moonlit Black",1412.0,6.6,8,256
Nokia Téléphone 5310-Dual Sim Appareil photo VGA flash-noir/ rouge (2020),275.0,,,
Logicom Téléphone portable Le KAY 284 4G,479.0,,,
Itel S24 8+8GB + 256GB - 108MP - Processeur G91 - 6.6” HD+ 90Hz - Dawn White,1599.0,6.6,8,256
"Samsung Galaxy A35 - 6.6"" – 8 GB RAM + 256 GB ROM - Violet",4490.0,6.6,8,256
"Apple iPhone 15 Pro Max 256 Go - Titane Black - Ecran OLED 6.7"" inch - 8 Go RAM - New",14400.0,6.7,8,256
"Honor X7b 6.8"" (256GB / 6GB jusqu'à 12Go ) Snapdragon 680 - 6000 mAh - 108 MP- Green",1970.0,6.8,6,256
Samsung Galaxy A54 - 6.4” FHD+ - 8GB + 256GB - 5000 mAh - Awesome Lime,4170.0,6.4,8,256
"Honor X8b 6.7"" (512Go / 8GB jusqu'à 16Go) Snapdragon 680 - 108MP/50MP- Glamorous Green",3199.0,6.7,8,512
"Samsung Galaxy S22 Ultra 6,8"" (8 Gb Ram - 128 Gb) Phantom Blanc - Remis à neuf",6999.0,6.8,8,128
Samsung Galaxy A54 5G - 6.5'' - (8GB - 256GB) -50MP+12MP+5MP+/32MP - Vert,4680.0,6.5,8,256
"Apple iPhone XR, 6.1"", 128Go + 3Go - Red - Remis à Neuf",3650.0,6.1,3,128
"XIAOMI Redmi Note 13 PRO (12Go, 512Go) Snapdragon 7s Gen2 - 200MP- Violet",3700.0,6.67,12,512
Logicom Le Smart-téléphone mobile. Skay 243,399.0,,,
"Apple iPhone 11 128GB Noir 6,1"" Black A13 Bionic iOS Retina HD 4GB RAM Garantie 1 an",6475.0,6.1,4,128
"Samsung Galaxy A25 5G 6.3"" (8GB RAM + 256GB ROM) - 50 Mpx - Bleu",3450.0,6.3,8,256
"Nokia C10 Telephone 6.5""HD 3G+ 32Gb Ram1Gb-Double SIM 3000mAh-5MP-Grand Ecran-Grey",879.0,6.5,3,32
"XIAOMI Redmi Note 13 PRO (12Go, 512Go) Mediatek G99-Ultra- 200MP-Noir",3690.0,6.67,12,512
"Infinix Smart 8 6.6"" (128GB / 4GB jusqu'à 8Go ) 5000mAH - IPS LCD 90Hz - Noir",1240.0,6.6,4,128
"XIAOMI Redmi Note 13 Amoled 120Hz 6,67″(8Go,256Go) Snapdragon 685 - 108MP/8 MP- Vert",2420.0,6.6,8,256
"Tecno Spark 20 - 6,6'' 90Hz (256Go / 8GB jusqu'à 16 Go) Helio G85 - Cyber White",1480.0,6.6,8,256
Nokia 105 Bleu (Blue) Double SIM,145.0,,,
"Apple iPhone 15 Pro Max 512GB Titane Naturel 6,7"" 8GB RAM Europe",21999.0,6.7,8,512
"Apple iPhone 14 Pro 256 Gb Violet 6.1"" Deep Purple 6Gb RAM Dynamic Island - New",12999.0,6.1,6,256
"Apple iPhone 12 Pro Max 256 GB, 6,7"", 6Gb RAM - 5G - Bleu Pacifique- Remis à Neuf",8990.0,6.7,6,256
"Tecno Spark 20 - 6,6'' 90Hz (256Go / 8GB jusqu'à 16 Go) Helio G85 -Gravity Black Bleu",1499.0,6.6,8,256
"XIAOMI Redmi Note 13 6,6"" Amoled 120Hz (6Go, 128Go)Snapdragon 685 (6 nm) - 108MP- Green",2199.0,6.67,6,128
"Infinix Smart 8 6.6"" (128GB / 4GB jusqu'à 8Go ) 5000mAH - IPS LCD 90Hz - Noir",1190.0,6.6,4,128
"Honor X5 Plus 6.5"" (4GB - 64GB) LCD 90Hz - 5200 mAh - 50MP- Noir",1199.0,6.5,4,64
"Infinix HOT 40 - 6.7"" (256Go ROM / 8GB jusqu'à 16Go) Helio G88 - 50MP - 5000 MAh - Bleu",2099.0,6.7,8,256
"Samsung A55 6,6'' - 8GB RAM + 256GB ROM – LILAC",5490.0,6.6,8,256
Nokia BM5310 2G GSM Bluetooth caméra vidéo petit téléphone portable,259.0,,,
"Honor X9b 5G 6.7"" (8GB jusqu'à 16Go -256GB) -Snapdragon 6 Gen 1-108MP- Sunrise Orange",3699.0,6.7,8,256
"ZTE Smartphone 4G 6.75"" Gsm-Dual Sim-50MP-256GB-Ram 14GB-Empreinte Blade V50-Bleu",1499.0,6.75,2,256
Huawei nova 9 SE 8GB+128GB Midnight Black,2899.0,,8,128
"Samsung Galaxy A34 5G 6,6"" - 8GB + 128GB - Awesome Graphite",3249.0,6.6,8,128
Infinix HOT 40i - IPS LCD 90Hz (128Go ROM / 4GB jusqu'à 8 Go) - 50MP - Starlit Black,1340.0,,4,128
Nokia 5310 Noir/Rouge,249.0,,,
"XIAOMI Redmi 12 Amoled 6,79″ (8Go, 256Go) MediaTEK HELIO G88 - 50MP- Bleu",1890.0,6.79,8,256
Oukitel WP32 128Go 4Go Noir smartphone robuste,1300.0,,,
"Samsung Galaxy S22 normal - Phantom Black - Écran 6.1"" - 8Go Ram 256Go Dual Sim - Neuf",5450.0,6.1,8,256
XIAOMI Redmi 12C (3GB - 64GB) - 5000 mAh-50 MP- NFC - Gris,1249.0,,3,64
"Samsung Galaxy A05s - 6,7"" - 6GB+128GB - Noir",1683.0,6.7,6,128
"XIAOMI Redmi 13C 6.74"" (4GB - 128GB) Helio G85 - 5000 mAh - 50 MP - Noir",1430.0,6.74,4,128
Infinix HOT 30i X669C - (128Go ROM / 8GB jusqu'à 16Go) - 50MP - Or,1389.0,,8,128
"Itel Smartphone 5"" Gsm A33plus 3G+-Dual SIM-empreintes-5MP -32GB-1GB RAM -Bleu",849.0,,1,32
Samsung Galaxy A14 6.6'' LTE - 4GB + 128GB - 50 Mpx - GREEN,1650.0,6.6,4,128
Nokia 3310 Bleu,240.0,,,
"Ulefone Armor X11 Pro Telefone incassable 8150mAh Battery, 4GB+ 64GB Android12 Waterproof, HD+, 4G",1999.0,,4,64
Oppo A18 (4Go+64Go) - 90Hz Ecran Sunlight-5000mAh -RAM+ jusqu'à 4Go - Glowing Black,1499.0,,4,64
"Apple iPhone 15 Pro 256 Go Titane Noir - A17 Pro - XDR OLED 6.1"" - 8 Go RAM - Neuf",13400.0,6.1,8,256
"XIAOMI Redmi 12 Amoled 6,79″ (8Go, 256Go) MediaTEK HELIO G88 - 50MP- Bleu",1999.0,6.79,8,256
Samsung Galaxy S23 Ultra 5G Green (12 Go / 512 Go) Vert - AMOLED 120 Hz - 5000mAh - Neuf,11999.0,,12,512
"XIAOMI Redmi Note 13 6,6"" Amoled 120Hz (8Go, 256Go)Snapdragon 685 (6 nm) - 108MP- Noir",2699.0,6.67,8,256
Oppo A38 (6Go+128Go) - 90Hz Ecran Sunlight- 33W - 50MP AI - Glowing Black,1849.0,,6,128
"Honor X9b 5G 6.7"" (12GB jusqu'à 20Go -256GB) -Snapdragon 6 Gen 1-108MP- Sunrise Orange",3980.0,6.7,12,256
"realme 11 4G 6,4"" (8Go, 256Go) Amoled 90Hz - 5000mAH - Helio G99 - 108MP/16MP - Gold",2599.0,6.4,8,256
"XIAOMI Redmi Note 11 Pro - AMOLED FHD+ de 6,67’’(8Go, 128Go)G96 -108MP- Gris +Kit+Band",2890.0,6.67,8,128
Apple IPhone 15 Pro Max - 8GB + 256GB - Nano Sim - Natural Titanium,19499.0,,8,256
Nokia 6310 - 8 Mo - (Débloqué) (Double SIM,459.0,,,
"Apple iPhone 15 Pro 256GB Titane Naturel 6,1"" Bouton Action A17 Pro 8GB RAM iOS Siri",13475.0,6.1,8,256
"Tecno Spark Go 2024 - 6.6"" (64GB de ROM + 3GB jusqu'à 6Go de RAM) 5000mAh- Magic Skin",999.0,6.6,3,64
"XIAOMI Redmi 13C 6.74"" (4GB - 128GB) Helio G85 - 5000 mAh - 50 MP - Green",1469.0,6.74,4,128
"Itel P55 24GB(8+16GB)/256GB, 50MP, 6.6” HD+ 90Hz, 18W, Aurora Blue",1412.0,6.6,8,256
Samsung Galaxy A54 5G - 6.5'' - (8GB - 128GB) -50MP+12MP+5MP+/32MP -Awesome Lime,3870.0,6.5,8,128
"Apple iPhone 15 Plus 128 Go Blue - XDR 6,7"" Pouces Dynamic Island A16 Bionic 6 Go RAM",10500.0,6.7,6,128
Samsung Galaxy A34 5G - 6.6'' - (8GB - 128GB) -50MP+12MP+5MP+/32MP - Vert,3490.0,6.6,8,128
"Samsung A55 6,6'' - 8GB RAM + 256GB ROM – NAVY",5490.0,6.6,8,256
"realme C55 6,72"" (8Go, 256Go) - 5000mAH - Helio G88 - 64MP/8MP- Noir",2099.0,6.72,8,256
"Samsung Galaxy S23+ SM-S916B Violet - 8Go/256Go - Dynamic AMOLED - 6.6""- Remis à Neuf",6999.0,6.6,8,256
"Samsung Galaxy A23 6.6"" LTE - 6GB RAM + 128GB ROM - 50 Mpx - White",3000.0,6.6,6,128
"XIAOMI Redmi Note 13 PRO (8Go, 256Go) Mediatek G99-Ultra- 200MP-Noir",3150.0,6.67,8,256
"Itel P55+ 16GB(8+8GB)/256GB, 45W, 50MP, 6.6”, Royal Green",1590.0,6.6,8,256
"Samsung A15 6.5"" (4GB - 128GB) Amoled 90Hz - Helio G99 - 5000 mAh - Personality Yellow",1650.0,6.5,4,128
Samsung Galaxy S23 Ultra 12 Go Ram + 256 Go Rom - Lavender,11219.0,6.8,12,256
"Tecno Spark 20C - 6,6'' - (256Go / RAM 4GB jusqu'à 8 Go) 5000MAh - Green",1350.0,6.6,4,256
"Samsung Galaxy A25 5G 6.3"" (6GB RAM + 128GB ROM) - 50 Mpx - Bleu",2590.0,6.3,6,128
Honor Magic 6 Lite (8GB+256GB) +12 Ram 5G Snapdragon 6 -5300 mAh - 108 MP-Noir,2750.0,6.78,8,256
"Oppo RENO 7 - 6,4"" - 8Go RAM + 256Go ROM - Sunset Orange",3799.0,6.4,8,256
Samsung GALAXY M54 - 256Go - 8Go Ram - 64 Mpx - Android - Dark Bleu,3649.0,6.7,8,256
"Samsung Galaxy M33 - 6.6"" - 5G - 6GB RAM+128GB ROM -Dual Sim - 50Mpx - Vert",2590.0,6.6,6,128
"Nokia 5710 Express Audio with Built-in Wireless Headphones,, Wireless FM Radio",379.0,,,
Samsung Galaxy A04S - 4G - 6.5’’- 4Go / 128Go - 50MP - 5000mAh - Noir + Écouteur + Watch,1899.0,6.5,4,128
"XIAOMI Redmi 13 - 6.79"" ( 128GB + 6GB ) Helio G91 Ultra - 5030mAH/33W - 108MP - Pink",1919.0,6.79,6,128
"Samsung Galaxy S23 - 6.1"" - 8GB + 256GB - Purple",7859.0,6.1,8,256
"Samsung Galaxy M53 5G - 6.7"" - 108 Mpx - 8GB RAM - 256GB ROM – Blue",3899.0,6.7,8,256
Nokia 5710 XpressAudio,389.0,,,
"XIAOMI Redmi A3 6.7"" - ( 128Go - 4RAM ) 13MP - 5000mAh - Midnight Black",1250.0,6.7,4,128
Motorola Razr 40 ultra 5G 256Go 8Go Noir,7000.0,6.9,8,256
Samsung Keystone 2 GT-Noir SIM Free,279.0,1.52,,
"XIAOMI Redmi 13 - 6.79"" ( 128GB + 6GB ) Helio G91 Ultra - 5030mAH - 108MP - Bleu",1899.0,6.79,6,128
"Samsung Galaxy S23FE - 6.4"" - 8GB + 256GB - Graphite",7249.0,6.4,8,256
Honor X6 (4GB - 64 GB) Helio G35 -5000 mAh - 50 MP- NFC- BLEU,1299.0,,4,64
"Infinix HOT 40 - 6.7"" (256Go ROM / 8GB jusqu'à 16Go) Helio G88 - 50MP - 5000 MAh - Gold",2099.0,6.7,8,256
"Tecno Spark 20 Pro - 6,7'' IPS LCD 120Hz (256Go / 8GB jusqu'à 16 Go) Helio G99 - Gold",2099.0,6.7,8,256
"Samsung Galaxy S22 Ultra 6,8"" (12 Gb Ram - 256 Gb) Phantom Black (Noir) - Remis à neuf",7499.0,6.8,12,256
Oppo A18 (4Go+64Go) - 90Hz Ecran Sunlight-5000mAh -RAM+ jusqu'à 4Go- ultra volume 300% - Glowing Blue,1499.0,,4,64
Oukitel WP21 256Go 12Go Black téléphone incassable,2800.0,,12,256
Samsung b310e blanc dual Sim,199.0,,,
Poco M6 Pro 512Go 12Go noir,3000.0,,12,512
Honor 90 Lite (8GB+8GB +256GB) MediaTek Dimensity 6020 - 100 MP - Noir,1950.0,6.67,8,256
"Infinix Note 40 Pro 6.7"" (256Go ROM / 12GB jusqu'à 24Go) Helio G99 - Titan Gold",3570.0,6.7,12,256
"realme C30S (32+2 Gb) 6.5"" -Dual Sim - 5000mAh - 13Mp+2Mp AI double caméra - BLEU",990.0,6.5,2,32
"Samsung Galaxy S23 - 6.1"" - 8GB + 256GB - Cream",7859.0,6.1,8,256
Huawei Nova Y60 4GB+64GB VERT Dual Card,1899.0,,4,64
"Apple iPhone 15 Plus 128 Go Ecran 6.7"" Black Dynamic Island - 6 Go RAM - Remis a neuf",9299.0,6.7,6,128
"Infinix Smart 8 6.6"" (128GB / 4GB jusqu'à 8Go ) 5000mAH - IPS LCD 90Hz - Galaxy White",1190.0,6.6,4,128
Infinix Hot 30i (8+8GB Ram / 128GB ) - Helio G37 -13 MP -Dual Sim -5000 mAh- Noir,1390.0,,8,128
realme C35 (4GB Ram + 128GB Rom) -50MP- 5000mAh-18W-Noir +Kit+Band,1690.0,,4,128
"Apple iPhone 13 128GB Rouge 6,1"" Red 5G A15 IOS Mode Cinematique 4Gb RAM Garantie 1 an",8475.0,6.1,4,128
"Ulefone Armor 24 Robuste Phone, 22000mAh, 1000 Lumens Camp Light, 12gb+256GB, 64MP Cameras, 6.78” Pouce",4790.0,6.78,12,256
Nokia 5310 Dual SIM Blanc/Rouge avec carte mémoire 32 gk,329.99,2.4,,
"Infinix Note 30 - 6.7""-(8 Go-256 Go) ram+ jusqu'a 8G AMOLED -Helio G 99 - 64 MP - GOLD",2290.0,6.7,8,256
"Vivo Y03 6,5"" (64Go ROM / 4GB jusqu'à 8Go) - 5000mAH - Helio G85 - Space Black",1270.0,6.5,4,64
"Samsung Galaxy A05S 6.7"" 4G LTE (4GB RAM + 128GB ROM) - 50 Mpx - Noir",1690.0,6.7,4,128
Infinix HOT 40i - IPS LCD 90Hz (128Go ROM / 4GB jusqu'à 8 Go) - 50MP - Horizon Gold,1349.0,,4,128
"Samsung Galaxy S24 Violet ( 8 Go RAM / 128 Go ) Ecran AMOLED 2X 120Hz 6.2"" Remis à neuf",7300.0,6.2,8,128
"Apple iPhone 15 Pro 128GB Titane Blanc 6,1"" Bouton Action A17 Pro 8GB RAM iOS 17 Siri",12475.0,6.1,8,128
"Samsung A05s 6.7"" (4GB - 128GB) IPS LCD - Snapdragon 680 - 5000 mAh - 50MP- Violet",1849.0,6.7,4,128
Samsung Galaxy S23 Plus 8Go Ram 256 Go Rom - Lavender,9799.0,6.1,8,256
"Apple iPhone 15 Pro Max 256 Go - Blanc - Ecran OLED 6.7"" inch - 8 Go RAM - New",14700.0,6.7,8,256
"Apple iPhone 15 Pro 128GB Titane Noir 6,1"" Bouton Action A17 Pro 8GB RAM iOS 17 Siri",12475.0,6.1,8,128
"Samsung Galaxy A35 - 6.6"" - 8 GB RAM + 256 GB ROM - Noir",4439.0,6.6,8,256
Honor X5 plus Smartphone gsm 4G 64 GB ROM + RAM 4 Go 50Mp dual sim,1245.0,,4,64
"Honor smartphone X5, 2GO RAM 32GO ROM, écran 6.5 pouces, android 12, octa core",999.0,6.5,2,32
"Samsung Galaxy Z Fold 3 - 7,6"" - 512 GB + 12 GB - Noir",8699.0,7.6,12,512
"XIAOMI Redmi 13 - 6.79"" ( 128GB + 8GB ) Helio G91 - 5030mAH/33W - 108MP - Noir",2099.0,6.79,8,128
Nokia Mobile phone 2 carte sime 150 noir,205.0,,,
Oukitel WP30 Pro 512Go 12GO 5G Noir,4000.0,,12,512
"XIAOMI Redmi 13 - 6.79"" ( 256GB + 8GB ) Helio G91 Ultra - 5030mAH/33W - 108MP - Gold",2290.0,6.79,8,256
"Samsung Galaxy A23 6.6"" 4G LTE (6GB RAM + 128GB ROM) - 50 Mpx - Blanc",2690.0,6.6,6,128
"realme 9i MOBILE PHONE RMX3491 6.6"" 128GB + 4GB 50 Mpx - Prism Black",1999.0,6.6,4,128
"Samsung Galaxy Z Flip5 - 6.7"" - 8GB + 256GB - Graphite",11990.0,6.7,8,256
Nokia Téléphone 5310 -DaulSIM Moderne Appareil photo VGA flash-blanc/rouge,279.0,2.4,,
"realme C11 (64+4 Gb) 6.5"" -Dual Sim - 5000mAh - 13Mp+2Mp AI double caméra - Gris",1199.0,6.5,4,64
"OnePlus Nord 2 5G (8Go RAM, 128Go) -GRIS- Remis a neuf - (chargeur NON inclus)",2056.0,,8,128
"Oppo RENO 6Z - 5G - 6,4 ""Full HD + (8Go, 128 Go) 64MP - - AURORA",3599.0,6.4,8,128
"Vivo Y03 6,5"" (64Go ROM / 4GB jusqu'à 8Go) - 5000mAH - Helio G85 - Space Black",1240.0,6.5,4,64
"Samsung Galaxy S22 Ultra 6,8"" (12 Gb Ram - 256 Gb) Phantom Vert - Remis à neuf",7550.0,6.8,12,256
"Samsung Galaxy A05 - 6.7"" - 4GB + 128GB - Noir",1699.0,6.7,4,128
Apple IPhone 15 Pro Max - 8GB + 256GB - Nano Sim - White Titanium,23499.0,,8,256
XIAOMI Redmi 10C (4GB -128GB) Snapdragon 680 -5000 mAh-50 MP- NFC-Bleu,1445.0,,4,128
"XIAOMI Redmi Note 10 Pro - 6.67"" (8Go, 128Go) 108MP / 8MP - Gris",2699.0,6.67,8,128
Samsung Galaxy A14 6.6'' LTE 4+64GB Noir,1549.0,6.6,4,64
"Nokia Appareil (8Mo, 16Mo) ""2.4 5310 photo VGA avec flash - Rouge/ Noir",259.5,2.4,0.8,0.16
"XIAOMI Redmi Note 11 Pro Plus 5G- AMOLED FHD+ de 6,67’’(8Go, 256Go) -108MP- Gris",3800.0,6.67,8,256
"Oppo F11 Pro 6.5"" 4G (6Go, 128Go) Android 9 48MP+5MP /16MP - Vert Aurore",3999.0,6.5,6,128
Nokia 5310 blan (2020),279.0,,,
"Samsung Galaxy A24 6.6"" 4G LTE (8GB RAM + 128GB ROM) - 50 Mpx - Vert+ Adapteur",2880.0,6.6,8,128
"Logicom Telephone Le Kay 243 2.4"" 1400 mAh 3G FM 512 Mo (RAM), 4 Go (ROM)",400.0,2.4,4,512
Infinix Note 30 - (256Go ROM / 8GB jusqu'à 16Go) - Helio G99 - 64MP - Noir,2249.0,,8,256
"Samsung B310E Original double Sim 2.0 "" MP3 FM Noir",279.0,,,
"Apple iPhone 15 Plus 128GB Rose 6,7"" Pink Dynamic Island A16 Bionic 48 Mpx 6Gb RAM",11975.0,6.7,6,128
"Apple iPhone 14 normal - 128GB Blue 6,1"" Bleu - Bionic A15 6Gb RAM - New",8900.0,6.1,6,128
Google Pixel 8 Pro 5G 128Go 12Go Gold porcelaine,8300.0,,12,128
"Samsung Galaxy A04e - 6,5” HD+ - 3 / 32GB - 13 MP - Noir",1199.0,6.5,3,32
XIAOMI Redmi 10C (4GB -128GB) Snapdragon 680 -5000 mAh-50 MP- NFC-Gray,1449.0,,4,128
"XIAOMI Redmi Note 13 Pro 6.6"" (256GB / 8GB ) 200MP Helio G99 Ultra - Coral Purple",3469.0,6.6,8,256
Samsung Galaxy Z Fold 5 12+512GB Cream (Dual Sim) (SM-F946BZEGMWD),25632.0,,12,512
"XIAOMI Redmi Note 13 PRO (12 Go, 512 Go) Mediatek G99-Ultra- 200MP-Vert",3770.0,6.67,12,512
Honor X6 (4GB - 64 GB) Helio G35 -5000 mAh - 50 MP- NFC- SILVER,1269.0,,4,64
Samsung Galaxy S23 Ultra Lavender (Dual SIM - 512 GB) (SM-S918BLIQMWD),19759.0,,12,512
"XIAOMI Redmi Note 11 Pro (8Go, 128Go) - AMOLED de 6,67’’ 67 W -108MP- Gris",2690.0,6.67,8,128
Téléphone portable sans fil Bluetooth double carte SIM Mini téléphone de secours,159.0,,,
"realme C11 (64+4 Gb) 6.5"" -Dual Sim - 5000mAh - 13Mp+2Mp AI double caméra - Gris",1199.0,6.5,4,64
Honor Magic 6 Pro 5G 512Go 12Go Noir,11000.0,,12,512
"Apple iPhone 15 128GB Vert 6,1"" Green Dynamic Island A16 Bionic iOS 48 Mpx 6Gb RAM",10975.0,6.1,6,128
"XIAOMI Redmi 13C 6.74"" (4GB - 128GB) Helio G85 - 5000 mAh - 50 MP - Green",1469.0,6.74,4,128
"Apple iPhone 15 Pro 256GB Titane Noir 6,1"" Bouton Action A17 Pro 8GB RAM iOS 17 Siri",13475.0,6.1,8,256
XIAOMI Redmi 13C 6 Go/128 Go Noir (Midnight Black) Double SIM,1580.0,,6,128
Samsung S24 Galaxy 12GB+ 512 GB Dual Sim - AMBER YELLOW (SM-S926BZYCMWD),17979.0,6.7,12,512
"XIAOMI Redmi Note 13 6,6"" Amoled 120Hz (6Go, 128Go) Snapdragon 685 (6 nm) - 108MP- Noir",2349.0,6.67,6,128
"L8Star BM10 Mini Cell Phone, Mini Mobile Dual Sim Card",179.0,,,
Samsung Galaxy A24 6+128GB 6.5” FHD+ Super AMOLED 5000 mAh - Noir,2699.0,6.5,6,128
Samsung Téléphone portable B310E blanc duos,258.0,,,
"XIAOMI Redmi 10A 6.53"" (3Go, 64 Go) Android 13MP /5MP - GRIS",1249.0,6.53,3,64
"Accent Nubia 44 - 2.4"" -Dual sim-Fm -Camera/Vidéo-Torche-MicroSd-Bleutooth-1450mAh",259.0,2.4,,
Lbstar BM10 Mini téléphone portable double carte sim,155.0,,,
Nokia TÉLÉPHONE PORTABLE 150 2023 - NOIR,349.0,,,
"Samsung Galaxy A03 (4G Ram 128G Rom) 6.5""-5000 mAh-48MP-Dual Sim-Rouge",1690.0,6.5,4,128
"Samsung Galaxy A24 6.6"" 4G LTE (8GB RAM + 128GB ROM) - 50 Mpx - Noir",2690.0,6.6,8,128
"XIAOMI Redmi Note 11 6,4"" (4Go, 128Go) Snapdragon 680 - Amoled - 50MP/8MP- Blue - NFC",1899.0,6.4,4,128
"Honor X5 Plus 6.5"" (4GB - 64GB) LCD 90Hz - 5200 mAh - 50MP- Cyan",1199.0,6.5,4,64
Motorola Moto edge 40 5G 256Go 8Go Noir,3800.0,6.55,8,256
"Samsung Galaxy S23 Normal 6.1"" - Violet (8 Go/ 128 Go) - Remis à Neuf",4999.0,6.1,8,128
"Nokia 8.3 6.81"" 5G (8Go, 128Go) 64MP+12MP+2MP+2MP/24MP Android -Bleu",6800.0,6.81,8,128
"Honor X9b 5G 6.7"" (8GB jusqu'à 16Go -256GB) -Snapdragon 6 Gen 1-108MP- Sunrise Orange + Earbuds X5",3749.0,6.7,8,256
"mini phone /Bluetooth intégrée / 2 carte sim/passer un appel, écouter de la musique",199.0,,,
"Samsung Galaxy A35 - 6.6"" - 8GB RAM + 256GB ROM - Noir",4499.0,6.6,8,256
"Samsung Galaxy A24 6.6"" 4G LTE (8GB RAM + 128GB ROM) - 50 Mpx - Vert",2650.0,6.6,8,128
"Samsung Galaxy Z Flip5 - 6.7"" - 8GB + 256GB - Cream",11990.0,6.7,8,256
"Tecno Spark 10 PRO - 6,6'' HD+ -16 MP - (RAM 8GB+8Go+ 256Go) - 5000 MAh - Blanc",1799.0,6.6,8,256
Samsung Galaxy A53 5G - 6.5'' - (8GB - 256GB) -64MP+12MP+5MP+/32MP - ROSE,4870.0,6.5,8,256
Samsung Tablette Galaxy Tab S9 Ultra 16GB_1TB (SM-X916BZAIMWD),23536.0,,16,1000
Samsung Galaxy A54 5G - 6.5''-(8GB - 256GB)-50MP+12MP+5MP+/32MP- Blanc,4300.0,6.5,8,256
"Samsung Smartphone A55 Génial Iceblue 6,6"" OctaCore 8Go 256Go Android 5G (SM-A556ELBWMWD)",8519.0,6.6,8,256
"XIAOMI Redmi Note 10 Pro - 6.67"" (8Go, 128Go)108MP/8MP-Dual Sim - Bleu + Kit + Band",3590.0,6.67,8,128
Samsung Galaxy A54 5G - 6.5'' - (8GB - 128GB) -50MP+12MP+5MP+/32MP -White,3570.0,6.5,8,128
Oppo A76 (4Go+128Go) extension RAM+5 Go - 33W - Snapdragon 680 - Noir,1750.0,,4,128
"Apple iPhone 15 Plus 256GB Rose 6,7"" Pink Dynamic Island A16 Bionic 48 Mpx 6Gb RAM",12975.0,6.7,6,256
Oukitel WP22 256GO 8Go Noir 125dB Haut- Parleur,2000.0,,8,256
"XIAOMI Redmi 12 Amoled 6,79″ (8Go, 128Go) - G88 - 50MP- Bleu",2000.0,6.79,8,128
Samsung Galaxy A73 5G - 6.5'' - (8GB - 256GB) -64MP+12MP+5MP+/32MP,5900.0,6.5,8,256
"Samsung Galaxy S22 Normal Bora Purple - Écran 6.1""( 8Go 128Go ) Violet - Dual Sim - Neuf",5650.0,6.1,8,128
"Oppo RENO11 5G - 6,7"" - 12Go+256Go - 50MP - Rock Grey + Cadeau ENCO BUDS2",4999.0,6.7,12,256
"Honor X8b 6.7"" (512Go / 8GB jusqu'à 16Go) Snapdragon 680 - 108MP/50MP- Noir",2899.0,6.7,8,512
Samsung Mobile SM-B310 Double Puces,239.99,,,
"Ulefone Armor 24 Robuste Phone, 22000mAh,12gb+256GB, 64MP+64MP Dual Cameras, 6.78” Display, uSmart",4790.0,6.78,12,256
Nokia 6300 2g 2 carte sim,249.0,,,
"realme 11 4G 6,4"" (8Go, 256Go) - 108MP/16MP - Dark Glory",2390.0,6.4,8,256
XIAOMI Redmi 10C (4GB -64GB) Snapdragon 680 -5000 mAh-50 MP- NFC-BLEU,1335.0,,4,64
"XIAOMI Mi 10T 6.67"" (8Go, 128Go) 64MP+13MP+5MP/20MP Android 10 - Noir",4999.0,6.67,8,128
"XIAOMI Redmi 13 - 6.79"" ( 256GB + 8GB ) Helio G91 Ultra - 5030mAH/33W - 108MP - Noir",2290.0,6.79,8,256
"Samsung Galaxy S21 FE - 6,4"" ( 8G - 256 GB ) -5G - 6.41"" - GRAPHITE",6390.0,6.41,8,256
Honor X6A (4GB -128GB) Helio G35 -5200 mAh - 50 MP- NFC- CYAN,1459.0,,4,128
"Honor X9b 5G 6.7"" (8GB jusqu'à 16Go -256GB) -Snapdragon 6 Gen 1-108MP- Sunrise Orange",3689.0,6.7,8,256
L8Star Le plus petit téléphone du monde,179.0,,,
Infinix HOT 30i X669C - (128Go ROM / 8GB jusqu'à 16Go) - 50MP - Blanc,1390.0,,8,128
"XIAOMI Redmi Note 10 Pro - 6.67"" (8Go, 256 Go)108MP/8MP-Dual Sim - Gris",2990.0,6.67,8,256
"XIAOMI Redmi Note 13 Amoled 120Hz 6,67″(8Go,256Go) Snapdragon 685 - 108MP/8 MP- Noir",2350.0,6.67,8,256
"Honor X5 Plus 6.5"" (4GB - 64GB) LCD 90Hz - 5200 mAh - 50MP- Noir",1199.0,6.5,4,64
"XIAOMI Redmi 13 - 6.79"" ( 128GB + 8GB ) Helio G91 - 5030mAH - 108MP - Gold",2099.0,6.79,8,128
"ZTE Smartphone 128GB-Ram 4GB 4G 6.67"" Gsm-Dual Sim-64MP- Blade V30-Black",1139.0,6.67,4,128
"XIAOMI Redmi Note 10 Pro - 6.67"" (8Go, 128Go) 108MP/8MP - Bronze",2870.0,6.67,8,128
"Samsung Galaxy A05 6.7"" 4G LTE (4GB RAM + 128GB ROM) - 50 Mpx - Silver",1390.0,6.7,4,128
"Nokia Telephone 6.5""HD 1G+ 32Gb Ram1Gb-Double SIM 3000mAh-5MP-Grand Ecran-Grey",850.0,6.5,1,32
Samsung S24 Galaxy 12GB+ 512 GB Dual Sim - Marble Gray (SM-S926BZACMWD),23287.0,6.7,12,512
"Apple iPhone 15 Pro 256GB Titane Blanc 6,1"" Bouton Action A17 Pro 8GB RAM iOS 17 Siri",13475.0,6.1,8,256
Nokia 5310 Noir/Rouge,249.0,,,
"XIAOMI POCO C65 6.74"" (256Go + 8Go) - 5000mAH - Bleu",2040.0,6.74,8,256
"Oppo RENO11 5G - 6,7"" - 12Go+256Go - 50MP - Wave Green + Cadeau ENCO BUDS2",4999.0,6.7,12,256
"Tecno Spark GO 2024 - 6,6'' HD+ - LCD IPS - (RAM 4GB+4Go+ 128Go) - 5000 MAh - Noir",1199.0,6.6,4,128
"Oppo A83 - 5.7"" - 64GB - 4GB - 13MP Camera - Dual SIM - 4G - Bleu",2399.0,5.7,4,64
Samsung galaxy z fold5 étui s pen fin (ef-of94pcbegww),1150.0,,,
"Itel it2173 -1.77"" -Dual sim-Fm -Camera/Vidéo-Wireless Fm-MicroSd-Bleutooth-1000mAh",219.0,1.77,,
Google Pixel 7 5G 128Go 8Go Blanc neige,4490.0,,8,128
Samsung Téléphone Portable Metro B350E : Dual SIM,269.0,2.4,,
Google Pixel 8 Pro 5G 256Go 12Go Bleu,9500.0,,12,256
"Tecno Spark 20 Pro 6,7'' IPS LCD 120Hz (256Go / 8GB jusqu'à 16 Go) Helio G99 - Green",2090.0,6.7,8,256
XIAOMI Redmi 12C (6GB - 128GB) MediaTek G85 - 5000 mAh - 50MP - NFC - Vert,1629.0,,6,128
"ZTE Smartphone 4G 6.6"" Gsm-Dual Sim-13MP-128GB-Ram 8GB-Empreinte Blade A54-Gray",1249.0,6.6,8,128
Samsung galaxy s24 ultra 5g dual sim 12gb / 512 gb (sm-s928bzyqmwd),29499.0,,12,512
"Samsung Galaxy A04e - 6,5” HD+ - 3 / 32GB - 13 MP - Bleu",1199.0,,3,32
"ZTE Smartphone 4G 6.6"" Gsm Blade A54-Dual Sim-13MP-64GB-Ram 8GB-Empreinte-bleu",1149.0,6.6,8,64
"Apple iPhone 15 Pro 256 Go - Titanium Naturel - Ecran OLED 6.1"" inch - 8 Go RAM - Neuf",13700.0,6.1,8,256
"XIAOMI Redmi 13 - 6.79"" ( 128GB + 6GB ) Helio G91 Ultra - 5030mAH/33W - 108MP - Gold",1899.0,6.79,6,128
Samsung Galaxy A3 - 4G - 16 Go - Android 4.4 – Or,2749.0,,16,
"Itel P55 24GB(8+16GB)/256GB, 50MP, 6.6” HD+ 90Hz, 18W - Brilliant Gold",1450.0,6.6,8,256
"Apple iPhone 15 Pro 128 Go - Titane Blue - Ecran OLED 6.1"" Inch - 8 Go RAM - New",11999.0,6.1,8,128
Honor X7A (4GB -128GB) Helio G37 -5000 mAh - 50 MP- NFC-Silver,1590.0,,4,128
"Itel P55 24GB(8+16GB)/128GB, 50MP, 6.6” HD+ 90Hz, 18W - Aurora Blue",1259.0,6.6,8,128
"Apple iPhone 15 Pro ( 512 Go / 8 Go ) - Titane Noir - Bionic A17 Pro - OLED 6.1"" - NEW",14999.0,6.1,8,512
"Apple Galaxy S22 Ultra 6,8"" (8 Gb Ram - 128 Gb) Phantom Black (Noir) - Remis à neuf",6699.0,6.8,8,128
"Samsung Galaxy S23 FE Crème (8 Go Ram / 128 Go) AMOLED 120 Hz 6.4"" inch - 4500 mAh - New",6799.0,6.4,8,128
Le plus petit téléphone portable GSM et écouteur bluetooth 2 en 1,161.0,,,
"XIAOMI Redmi Note 13 Pro 6.6"" (12GB / 512GB ) 200MP Helio G99 Ultra - Coral Purple",3999.0,6.6,12,512
"Samsung Galaxy A05 6.7"" 4G LTE (4GB RAM + 128GB ROM) - 50 Mpx - Noir",1390.0,6.7,4,128
"Honor X8b 6.7"" (512Go / 8GB jusqu'à 16Go) Snapdragon 680 - 108MP/50MP- Glamorous Green",2999.0,6.7,8,512
"Ulefone Armor X11 Pro 8150mAh, 8GB+ 64GB Android 12 Waterproof, 16MP Triple Camera 5.45 inch HD+",1999.0,,4,64
Google Pixel 7 5G 128Go 8Go Noir,4500.0,,8,128
"Samsung Galaxy S23+SM-S916B Noir-8Go/256Go-Infinity-O Dynamic AMOLED-6.6""-Remis à Neuf",7999.0,6.6,8,256
"Itel P38 3G+ 6.6"" - 32Gb ROM 2Go RAM-Double SIM 5000mAh-Galaxy blue",989.0,6.6,2,32
"Apple iPhone 15 128GB Rose Dynamic Island - Retina XDR OLED 6.1"" 6Gb RAM - New",9700.0,6.1,6,128
Infinix Note 30 - (256Go ROM / 8GB jusqu'à 16Go) - Helio G99 - 64MP - Blue,2249.0,,8,256
"Apple iPhone 15 Pro (128 Go / 8 Go RAM) - Titane Naturel - Ecran OLED 6.1"" Inch - New",11999.0,6.1,8,128
"Techno Spark 8C - 6,6'' HD+ - 4G - 2SIM -13Mpx - (3Go+3 Go + 64Go) - 5000 MAh - Noir",1130.0,6.6,3,64
XIAOMI Redmi 10C (4GB - 128GB) Snapdragon 680 - 5000 mAh-50 MP - Gris,1979.0,,4,128
Samsung Galaxy A53 5G - 6.5'' - (8GB - 256GB) -64MP+12MP+5MP+/32MP - Bleu,4870.0,6.5,8,256
Nokia 5310 Dual SIM Blanc/Rouge avec carte mémoire 32 gk,329.99,2.4,,
"XIAOMI Redmi Note 11 Pro 5G Plus - AMOLED FHD+ de 6,67’’(8Go, 256Go) -108MP- Gris",4890.0,6.67,8,256
"Samsung Galaxy A35 - 6.6"" - 8GB RAM + 256GB ROM - Bleu",4499.0,6.6,8,256
"XIAOMI Redmi Note 11S 6,5"" (6Go, 128Go) - 50MP/8MP - Gris",2549.0,6.5,6,128
Honor Magic 5 Pro 5G 512Go 12Go Ram Green vert,8000.0,,12,512
"Apple iPhone 14 128GB Lumière Stellaire 6,1"" Starlight A15 iOS Mode Action 6Gb RAM SOS",9475.0,6.1,6,128
Samsung Tablette Galaxy Tab S8 Ultra 5G 512Go (SM-X906BZAFMWD),18050.0,,,512
"XIAOMI Redmi 13 - 6,79"" - 8+128 - Noir",1999.0,6.79,8,128
XIAOMI Redmi 12C (3GB - 64GB) MediaTek G 85 -5000 mAh-50 MP- NFC - Bleu,1249.0,,3,64
Samsung Galaxy Z Fold 5 12+256GB Cream (Dual Sim) (SM-F946BZEDMWD),24067.0,,12,256
Oukitel WP19 Pro 256Go 8GO Noir,2300.0,,8,256
"Tecno Spark 20C - 6,6'' - (256Go / RAM 4GB jusqu'à 8 Go) 5000MAh - Mystery White",1359.0,6.6,4,256
"XIAOMI Redmi Note 10 Pro - 6.67"" (8Go, 128Go) Amoled 120Hz -108MP - Bronze",2890.0,6.67,8,128
"XIAOMI Redmi Note 12 PRO Plus +5G (8Go, 256Go) Mediatek 1080 - 200MP- Bleu",3990.0,6.67,8,256
"XIAOMI Redmi Note 11 Pro - AMOLED FHD+ de 6,67’’(8Go, 128Go) Mediatek G96 -108MP- Gris",2790.0,6.67,8,128
Nokia 105 Dual SIM Noir 2022,399.0,,,
"Samsung Galaxy A05S 6.7"" 4G LTE (4GB RAM + 128GB ROM) - 50 Mpx - Vert",1690.0,6.7,4,128
"realme C67 6,72"" (256Go ROM / 8GB ) - 5000mAH - 108MP/8MP- Noir",2550.0,6.72,8,256
"Apple iPhone 15 128GB Jaune 6,1"" Yellow Dynamic Island A16 Bionic iOS 48 Mpx 6Gb RAM",10975.0,6.1,6,128
Oppo A76(6Go+128Go) extension RAM+5 Go - 33W - Snapdragon 680 - Noir,2390.0,,6,128
"Apple iPhone 15 256GB Rose 6,1"" Pink Dynamic Island A16 Bionic iOS 48 Mpx 6Gb RAM Siri",11975.0,6.1,6,256
"Honor X9b 5G 6.7"" (8GB jusqu'à 16Go -256GB) -Snapdragon 6 Gen 1-108MP- Sunrise Orange",3699.0,6.7,16,256
realme GT Master RMX3363 256GB+8GB - Voyager Grey,4099.0,,8,256
"Apple iPhone 15 Pro Max 512 Go - Titanium Blue - Ecran OLED 6.7"" inch - 8 Go RAM - New",16700.0,6.7,8,512
"Accent Telephone Star F5-1.77""-Camera /Bluetooth /Micro Sd/ FM /Games 1000Mah-Black",239.0,1.77,,
"realme C55 6,72"" (8Go, 256Go) - 5000mAH - Helio G88 - 64MP/8MP- Noir",2079.0,6.72,8,256
"ZTE Blade A34 - 4G 6.6"" Gsm-64GB-Ram 6 GB RAM(4Go + 2Go)-A34 Deverrouillage facial",1049.0,6.6,4,64
Logicom Telephone L-195 -1.77'' -VGA- Bluetooth 3.0-Micro Sd- Fm-Torche-Double Sim,197.0,1.77,,
"Itel A50 - Smartphone 4G 6.6"" Gsm-64GB-Ram 6 GB RAM(4Go + 2Go)-Deverrouillage facial",998.0,6.6,4,64
"XIAOMI Redmi 13C 6.74"" (256GB - 8GB) Helio G85 - 5000 mAh - 50 MP - Bleu",1999.0,6.74,8,256
"Oppo RENO 8T 5G - 6,7"" AMOLED- (8 +8 Go RAM+256Go ROM)Snapdragon 695 -108 MP- Noir",4390.0,6.7,8,256
"Oppo F11 Pro Avengers Edition limitée 6.5"" (6 Go,128Go) 48MP+5MP/16MP- Bleu espace",4599.0,6.5,6,128
"Infinix Note 40 6.7"" (256Go ROM / 8GB jusqu'à 16Go) Helio G99 - 108MP/32MP - Titan Gold",2890.0,6.7,8,256
Samsung Galaxy A34 5G - 6.6'' - (8GB - 256GB) -50MP+12MP+5MP+/32MP - Noir,3190.0,6.6,8,256
Infinix hot 40i,1600.0,6.5,,
"Honor Smartphone X7a -6,74'' -4G -Ram4GB Rom128 GB-50MP -6000mAh- titanium silver",2099.0,6.74,4,128
"Infinix Smart 8 6.6"" (128GB / 4GB jusqu'à 8Go ) 5000mAH - IPS LCD 90Hz - Gold",1260.0,6.6,4,128
XIAOMI Redmi 10C (4GB -128GB) Snapdragon 680 -5000 mAh-50 MP- NFC-Gray+Kit+ Band,1560.0,,4,128
"Tecno Spark 20C - 6,6'' - (256Go / RAM 4GB jusqu'à 8 Go) 5000MAh - Gravity Black",1399.0,6.6,4,256
"Samsung Galaxy A05 6.7"" 4G LTE (4GB RAM + 128GB ROM) - 50 Mpx - Vert",1350.0,6.7,4,128
"Shtel SM2409, Téléphone portable Dual SIM",129.0,,,
Oppo A78 (8Go+ 8Go Ram + 128Go) - 67W - Snapdragon 680- 5000 mAh- Noir,2650.0,,8,128
Vivo V27 5G (8 Go+ 256 Go- 4 600 mAh (TYP)- Noble Black),4799.0,,8,256
XIAOMI Redmi 13C (8GB - 256GB) - 5000 mAh - 50MP - NFC - Bleu,1849.0,,8,256
"Nokia XR20 6.67"" 5G (6Go, 128Go) 48MP+13MP/8MP Android - Gris",5990.0,6.67,6,128
Vivo Y16 - 4 Go RAM + 64 Go ROM - Stellar Black,1499.0,,4,64
"XIAOMI Redmi 13 - 6,79"" - 8+256 - Gold",2199.0,6.79,8,256
Samsung Tablette Galaxy Tab S9 Ultra 12GB_256GB (SM-X916BZAAMWD),17712.0,,12,256
"Apple iPhone 15 Plus 128GB Jaune 6,7"" Yellow Dynamic Island A16 Bionic 48 Mpx 6Gb RAM",11975.0,6.7,6,128
"Itel S24 – 6.6"" (256GB / RAM 8GB up to 16Gb) - Helio G91 - 108MP - NFC - Dawn White",2166.0,6.6,8,256
Oppo A17K (3Go+64Go) - 5000mAh IPX4 résistance à l'eau - Blue,1550.0,,3,64
"Fonecom F13 Dual Sim, Mémoire 32 Go, Bluetooth,",155.5,,,32
Samsung Galaxy S23 Plus 8Go Ram 256 Go Rom - Cream,9799.0,6.1,8,256
XIAOMI Redmi 13C (8GB - 256GB) - 5000 mAh - 50MP - NFC - Vert,1849.0,,8,256
"Samsung A05 6.7"" (128GB - 4GB) IPS LCD - 5000 mAh - 50MP- Noir",1449.0,6.7,4,128
OnePlus 12 5G 256Go 12Go Ram Snapdragon 8 Gen3 Noir,9300.0,,12,256
"XIAOMI Redmi Note 12 PRO Plus +5G (8Go, 256Go) Mediatek 1080 -200MP- Bleu",3990.0,6.67,8,256
"Samsung Galaxy Z Flip5 - 6.7"" - 8GB + 256GB - Mint",9199.0,6.7,8,256
"Infinix Note 40 6.7"" (256Go ROM / 8GB jusqu'à 16Go) Helio G99 - 108MP/32MP - Black",2890.0,6.7,8,256
Samsung Galaxy A54 5G - 6.5'' - (8GB - 256GB) -50MP+12MP+5MP+/32MP - Noir,4870.0,6.5,8,256
Vivo Y16 - 4 Go RAM + 64 Go ROM - Drizzling Gold,1499.0,,4,64
"Ulefone Armor 12 Ulefone Téléphone robuste 8GB+128GB, 48MP Camera 6.52"" HD+, 5180mAh",4400.0,6.52,8,128
"Samsung Galaxy A05 - 6.7"" - 4GB + 64GB - Vert clair",1699.0,6.7,4,64
Infinix Hot 30i (8+8 GB Ram / 128GB ) - Helio G37 -13 MP -Dual Sim -5000 mAh- GOLD,1390.0,,8,128
"Apple iPhone 14 128GB Rouge 6,1"" Red A15 iOS Mode Action & SOS 6Gb RAM Siri Garantie",9475.0,6.1,6,128
Oppo A76(4Go+128Go) extension RAM+5 Go - 33W - Snapdragon 680- 5000 mAh- Bleu,1800.0,,4,128
"Samsung A55 6,6'' - 8GB RAM + 256GB ROM – LEMON",5490.0,6.6,8,256
"XIAOMI Redmi Note 13 6,6"" Amoled 120Hz (6Go, 128Go) Snapdragon 685 (6 nm) - 108MP- Bleu",2349.0,6.67,6,128
"XIAOMI Redmi Note 13 6,6"" Amoled 120Hz (8Go, 256Go)Snapdragon 685 (6 nm) - 108MP- Green",2699.0,6.67,8,256
XIAOMI Redmi 12C (4GB - 128GB) MediaTek G 85 -5000 mAh-50 MP- NFC - Bleu,1449.0,,4,128
Samsung Galaxy A73 5G - 6.5'' - (8GB - 256GB) -64MP+12MP+5MP+/32MP,5680.0,6.5,8,256
Samsung Tablette Galaxy Tab S9 Ultra 12GB_512GB (SM-X916BZAEMWD),20741.0,,12,512
"Honor X7 - 6,74'' - 4G - (4Go - 128 Go) - 48 MP - 5000 mAh - Noir",2299.0,6.74,4,128
Samsung Galaxy A14 6.6'' LTE 4+64GB Argent,1549.0,6.6,4,64
"Samsung Galaxy A34 - 6.6"" - 8GO RAM + 128GB ROM - 5000 mAh - Silver",3499.0,6.6,8,128
Nokia Téléphone 5310 -Dual Sim (2020) Black Rouge,799.0,,,
Samsung Galaxy A04S - 4G - 6.5’’- 4Go / 64Go - 50MP - 5000mAh - Noir,1599.0,6.5,4,64
Vivo Y35 - 8 Go RAM + 128 Go ROM - Agate Black,2399.0,,8,128
"Apple iPhone 15 Plus 128GB Vert 6,7"" Green Dynamic Island A16 Bionic 48 Mpx 6Gb RAM",11975.0,6.7,6,128
"Vivo Y03 6,5"" (64Go ROM / 4GB jusqu'à 8Go) - 5000mAH - Helio G85 - Gem Green",1290.0,6.5,4,64
Samsung Galaxy Z Fold 5 12+256GB Phantom Black (Dual Sim) (SM-F946BZKDMWD),23769.0,,12,256
"Itel P55 6.6"" IPS LCD 90Hz - 128GB ROM / 24GB RAM( 8+16) - 5000mAh - Moonlit Black",1239.0,6.6,8,128
"XIAOMI Redmi 12 Amoled 6,79″ (8Go, 256Go) MediaTEK HELIO G88 - 50MP- SILVER",1999.0,6.79,8,256
Oppo A17K (3Go+64Go) - 5000mAh IPX4 résistance à l'eau - Navy Blue,1499.0,,3,64
ZTE A54,1249.0,,8,
"Samsung A55 6,6'' - 8GB RAM + 256GB ROM – Bleu",5490.0,6.6,8,256
Nokia 110 Telephone 1.77 inches - microSDHC - FM radio - Charcoal,299.0,,,
"Oppo RENO 8T 5G - 6,7"" AMOLED- (8 +8 Go RAM+256Go ROM)- 108 MP-Snapdragon 695 -Gold",4390.0,6.7,8,256
Samsung galaxy a15 light blue 8go 256go (sm-a155flbimwd),2993.0,,,256
Infinix Hot 12 Play X6816 128 Rom 4 Ram - Racing Black,1705.0,6.82,4,128
"Samsung Galaxy A35 - 6.6"" - 8GB RAM + 256GB ROM - Violet",4499.0,6.6,8,256
"XIAOMI Redmi Note 10 Pro - 6.67"" (256Go, 8Go) 108MP/8MP - Onyx Gray",2897.0,6.67,8,256
XIAOMI Redmi 12C (6GB -128GB) MediaTek G 85 -5000 mAh-50 MP- NFC - Gris,1599.0,,6,128
"Apple iPhone 15 128GB (Blue) Bleu Dynamic Island - 6.1"" 6GB RAM Remis à neuf",8299.0,6.1,6,128
Samsung Galaxy A24 6+128GB 6.5” FHD+ Super AMOLED 5000 mAh - Green,2699.0,6.5,6,128
Infinix SMART 6 X6511B 32+2 - Polar black,1125.0,6.6,2,32
"Itel S24 – 6.6"" (256GB / RAM 8GB up to 16Gb) - Helio G91 - 108MP - NFC - Starry Black",2099.0,6.6,8,256
XIAOMI Redmi 13C (8GB - 256GB) - 5000 mAh - 50MP - NFC - Noir,1849.0,,8,256
"Apple iPhone 14 128GO Jaune 6,1"" Yellow A15 IOS Mode Action & SOS 6Gb RAM Garantie",9475.0,6.1,6,128
ALINO TELEPHONE CELLULAIRE A2171S DUAL SIM RADIO,189.0,,,
"Samsung A05s 6.7"" (4GB - 128GB) IPS LCD - Snapdragon 680 - 5000 mAh - 50MP- Noir",1849.0,6.7,4,128
"Samsung A05 6.7"" (128GB - 4GB) IPS LCD - 5000 mAh - 50MP- Green",1449.0,6.7,4,128
"Oukitel Smartphone C33, 8 Go + 256 Go, 6.8 "", Caméra 50MP, Android 13, Octa Core,5150mAh",1950.0,6.8,8,256
"Apple iPhone 15 Plus 256GB Vert 6,7"" Green Dynamic Island A16 Bionic 48 Mpx 6Gb RAM",12975.0,6.7,6,256
"Nokia 110 - 2.4"" - Dual Sim - Noir- Camera - LED LAMPE - FM- Noir- Original",285.0,2.4,,
"Samsung Galaxy A25 5G 6.3"" (6GB RAM + 128GB ROM) - 50 Mpx - Jaune",2890.0,6.3,6,128
"Samsung Galaxy Z Fold 3 - 7,6"" - 256 GB + 12 GB - Noir",7496.0,7.6,12,256
"Itel A70 8GB (3+5GB)/64GB, HD+ - 13MP, 6.6” - 5000mAh, Type C - Field green",959.0,6.6,3,64
"Samsung Galaxy A04 E 6.6"" 4G LTE (3GB RAM + 32GB ROM) - 13 Mpx - Noir",1199.0,6.6,3,32
Nokia phone 5310 noir avec carte mémoire 32gk gratuit,290.0,,,
"XIAOMI Redmi Note 13 6,6"" Amoled 120Hz (8Go, 256Go)Snapdragon 685 (6 nm) - 108MP- Noir",2699.0,6.67,8,256
Infinix HOT 11S X6812 50MP + 2MP + 8MP - 128+4G - Polar black,1730.0,,4,128
Samsung Galaxy A04s Rom 64GB RAM 4GB Noir,1400.0,,4,64
Samsung S24 Galaxy 12GB+ 512 GB Dual Sim - Onyx Black (SM-S926BZKCMWD),17978.0,6.7,12,512
Google pixel 8 pro 5g 256Go 12Go Black,9500.0,,12,256
Support Téléphone Universal Flexible Rotatif 360°- Bleu,53.0,,,
XIAOMI Redmi 12C (6GB -128GB) MediaTek G 85 -5000 mAh-50 MP- NFC - Bleu,1599.0,,6,128
"Apple iPhone 15 Plus 256GB Jaune 6,7"" Yellow Dynamic Island A16 Bionic 48 Mpx 6Gb RAM",12975.0,6.7,6,256
"Samsung Galaxy A25 - 6.3"" 8GB+256GB - Bleu",3490.0,6.3,8,256
Infinix HOT 40i - IPS LCD 90Hz (128Go ROM / 4GB jusqu'à 8 Go) - 50MP - Green,1390.0,,8,128
"Tecno POVA 2 - 6GB + 128GB · 6.9"" FHD+ ·7000mAh · Quad Caméra Arrière 48MP",2100.0,6.9,6,128
Infinix Hot 20i (4GB Ram / 128GB ) - Helio G25 -13 MP -Dual Sim -5000 mAh- Bleu,1350.0,,4,128
Samsung a15 128/4,1649.0,6.5,4,128
Accent Fast 17,849.0,,,
"Itel it2163 - DOUBLE SIM - 1.77"" - Torche - Radio FM - 1000mAh - Noir",149.0,1.77,,
XIAOMI Redmi 12C (3GB - 64GB) - 5000 mAh-50 MP- NFC - Vert,1249.0,,3,64
"Oppo A83 - 5.7"" - 64GB - 4GB - 13MP Camera - Dual SIM - 4G - Rouge",2399.0,5.7,4,64
Samsung Tablette Galaxy Tab S9FE 6+128GB Silver (SM-X516BZSAMWD),7789.0,,6,128
Samsung Galaxy A54 5G - 6.5'' - (8GB - 256GB) -50MP+12MP+5MP+/32MP -White,4870.0,6.5,8,256
"Tecno Spark 20C - 6,6'' - (256Go / RAM 4GB jusqu'à 8 Go) 5000MAh - Mystery White",1399.0,6.6,4,256
"Fonecom F07 Écran 1,77 ; Caméra, Radio FM; La carte Micro SD 32 Go ; Dual SIM.",155.5,,,32
Samsung Galaxy Z Fold4 Pliable Dual SIM -12Gb Ram + Rom 256Gb 4400 mAh-Phantom Black,14900.0,,12,256
"Samsung Smartphone A55 Awesome Citron 6,6"" Octa Core 8Go 256Go Android 5G (SM-A556EZYWMWD)",8937.0,6.6,8,256
"XIAOMI Redmi 13 - 6.79"" ( 256GB / 8GB jusqu'à 16Go ) Helio G91 Ultra - 108MP - Gold",2270.0,6.79,8,256
"Tecno Spark GO 2024 - 6,6'' HD+ - LCD IPS - (RAM 4GB+4Go+ 128Go) - 5000 MAh - Blanc",1299.0,6.6,4,128
Vivo Y22 (ROM:64Go et RAM: 4Go ) Starlit Blue,1599.0,,4,64
"Samsung Galaxy A35 - 6.6"" - 8GB RAM + 256GB ROM - Noir",4399.0,6.6,8,256
"Honor X6a 6.5"" (4GB -128GB) LCD 90Hz - 5200 mAh - 50MP- Cyan",1449.0,6.5,4,128
XIAOMI Redmi 12C (4GB - 128GB) MediaTek G 85 -5000 mAh-50 MP- NFC - Gris,1449.0,,4,128
realme Narzo 50MP- 4G RAM/128 Go- 6.5″- 5000 mAh-Bleu Velocé,2350.0,6.5,4,128
XIAOMI Redmi Note 11 Pro - 8 Go RAM + 128 Go ROM - Graphite Gray,2949.0,,8,128
Vivo V27 5G (8 Go+ 256 Go- 4 600 mAh (TYP)- Magic Blue),4799.0,,8,256
"Samsung A05 6.7"" (128GB - 4GB) IPS LCD - 5000 mAh - 50MP- Blanc",1449.0,6.7,4,128
Samsung Galaxy A04S - 4G - 6.5’’- 4Go / 64Go - 50MP - 5000mAh - Rose + Écouteur + Watch,1699.0,6.5,4,64
"Itel A50 6.6"" HD+ 64GB ROM / 6GB RAM( 2+4) - 5000mAh - Lime Green",990.0,6.6,2,64
"Samsung Galaxy A03 (4G Ram 64G Rom) 6.5"" 5000 mAh - 48MP - Dual Sim-Bleu",1440.0,6.5,4,64
"XIAOMI Redmi 13 - 6,79"" - 6+128 - Bleu",1849.0,6.79,6,128
Oppo A78 (8Go+ 8Go Ram + 128Go) - 67W - Snapdragon 680- 5000 mAh- Vert,2650.0,,8,128
"Tecno Spark 8C -6,6'' HD+ -Dual Sim(RAM 3GB+3 Go+64 Go)-5000 MAh-Noir",1090.0,6.6,3,64
"TCL Smartphone 30 SE Gris ( 4GB RAM, 128 stockage)",1990.0,,4,128
Samsung Galaxy A73 5G - 6.5'' - (8GB - 256GB) -64MP+12MP+5MP+/32MP,5900.0,6.5,8,256
"Samsung Galaxy A05 - 6.7"" - 4GB + 64GB - Silver",1699.0,6.7,4,64
"Itel S24 – 6.6"" (256GB / RAM 8GB up to 16Gb) - Helio G91 - 108MP - NFC - Dawn White",2099.0,6.6,8,256
"Samsung Galaxy M13 - 6.6"" - 4GB RAM + 64 GB ROM - 50 MP- Light Bleu",1390.0,6.6,4,64
"XIAOMI Redmi Note 13 Pro 6.6"" (256GB / 8GB ) 200MP- Helio G99 Ultra - Midnight Black",3499.0,6.6,8,256
XIAOMI Redmi 12C (6GB - 128GB) MediaTek G85 - 5000 mAh - 50MP - NFC - Vert,1629.0,,6,128
"mini phone /Bluetooth intégrée / 2 carte sim/passer un appel, écouter de la musique",199.0,,,
"Nokia Dual Sim Keypad Mobile, radio FM sans fil, Bluetooth, lecteur MP3",289.0,,,
Honor X7A (4GB -128GB) Helio G37 -5000 mAh - 50 MP- NFC-Noir,1790.0,,4,128
"realme C33 4G 6,5"" (4Go, 128Go) - 5000mAH - 50MP/5MP -NOIR",1680.0,6.5,4,128
Samsung Galaxy A54 5G 8+256GB white (Dual Sim) (SM-A546EZWDMWD),5258.0,,8,256
"Itel P55 24GB(8+16GB)/256GB, 50MP, 6.6” HD+ 90Hz, 18W - Astral Purple",1450.0,6.6,8,256
Samsung Galaxy A05 4G Dual Sim 64GB,1499.0,,3,64
"XIAOMI Redmi Note 13 Amoled 120Hz 6,67″(8Go, 128Go) Snapdragon 685 - 108MP/8 MP- Bleu",2390.0,6.67,8,128
"Oppo RENO 11F AMOLED - 6,7""(8 +8 Go RAM+256Go ROM) Mediatek -64 MP - Bleu",4190.0,6.7,8,256
Samsung Galaxy A54 5G (Dual Sim) (SM-A546EZKCMWD),5716.0,,8,256
"Samsung Galaxy A35 - 6.6"" - 8GB RAM + 256GB ROM - Jaune",4499.0,6.6,8,256
"Samsung Galaxy Z Fold 3 - 7,6"" - 256 GB + 12 GB - Silver",7496.0,7.6,12,256
Vivo X80 lite 5G 256Go 8Go Noir,3200.0,,8,256
XIAOMI Redmi 10C (4GB -64GB) Snapdragon 680 -5000 mAh-50 MP- NFC-Vert,1335.0,,4,64
"Infinix Note 30 - 6.7""-(8 Go-256 Go) ram+ jusqu'a 8G AMOLED -Helio G 99 - 64 MP - Noir",2290.0,6.7,8,256
"Samsung Tele B310E - 2"" - Dual Sim - Radio",269.0,2,,
"Iku X3 - 6.52"" (6 Go -128 Go) Dual Sim-4G - 48MP- 16MP - Mediatek - 5000 mAh- Bleu",1299.0,6.52,6,128
Samsung Galaxy A04s Rom 64GB RAM 4GB Blanc,1499.0,,4,64
"Samsung A05 6.7"" (128GB - 6GB) IPS LCD - 5000 mAh - 50MP- Blanc",1699.0,6.7,6,128
"XIAOMI Redmi Note 11 Pro - AMOLED FHD+ de 6,67’’(8Go, 128Go)G96 -108MP- Gris +Kit+Band",2990.0,6.67,8,128
Vivo Y03,1280.0,,,64
Honor X6A (4GB -128GB) Helio G35 -5200 mAh - 50 MP- NFC- SILVER,1459.0,,4,128
"realme C67 6,72"" (256Go ROM / 8GB ) - 5000mAH - 108MP/8MP-VERT",2550.0,6.72,8,256
"Samsung Galaxy A05s - 6,7"" FHD+ - 4GB+128GB - 50 MP - Noir + Band + Écouteur",2199.0,6.7,4,128
"TCL Smartphone 30 SE Bleu ( 4GB RAM, 128 stockage)",1990.0,,4,128
ipro telephone A10mini 1.8'' Lcd -VGA-Dual Sim-Bluetooth-Micro Sd-Werless Fm,195.0,1.8,,
BM10 Mini téléphone portable double carte sim,150.0,,,
"XIAOMI Redmi 13 - 6.79"" ( 128GB + 8GB ) Helio G91 - 5030mAH - 108MP - Bleu",2099.0,6.79,8,128
Samsung galaxy s24+ 5g dual sim 256 gb onyx black (sm-s926bzkbmwd),16181.0,6.7,12,512
Telefunken MOBILE PHONE TF703,179.0,,,
"X-GO SPARK Mini téléphone portable, écran 1.77 "", MP3 MP4, radio FM Bluetooth",199.0,,,
"Nokia 3310 Dual SIM MP3 Player, Wireless FM Radio and Rear Camera,Blue",275.0,,,
Samsung Galaxy A04S - 4G - 6.5’’- 4Go / 64Go - 50MP - 5000mAh - Rose,1599.0,6.5,4,64
"Infinix Smart 8 6.6"" (128GB / 4GB jusqu'à 8Go ) 5000mAH - IPS LCD 90Hz - Blanc",1199.0,6.6,4,128
XIAOMI Redmi 13C (6GB -128GB) MediaTek G 85 -5000 mAh-50 MP- NFC - Bleu,1699.0,,6,128
"Samsung Galaxy A04e - 6,5” HD+ - 3 / 32GB - 13 MP - Bleu",1199.0,6.5,3,32
Samsung Galaxy A05 4G Dual Sim 64GB,1499.0,,4,64
"Logicom Le Posh 182 Le mobile 1,77"" du quotidien",135.0,,,
"XIAOMI Redmi 10A 6.53"" (4Go, 128 Go) Android 13MP /5MP - GRIS",1399.0,6.53,4,128
"Samsung Galaxy A05 - 6.7"" - 4G + 64GB - Noir",1249.0,6.7,4,64
Samsung galaxy a15 light blue 4go 128 go (sm-a155flbdmwd),3021.0,,4,128
"Apple iPhone 15 256GB Vert 6,1"" Green Dynamic Island A16 Bionic iOS 48 Mpx 6Gb RAM",11975.0,6.1,6,256
"Vivo Y02S (3- 32) 6,51 Pouces - 5000mAh- Double Sim- Fast Charge 18W - Bleu",1220.0,6.51,3,32
Nokia Nouveau téléphone 105,199.0,,,
Telefunken Telephone Classy Double Sim Camera FM Multi media bluetooth Micro Sd,197.0,1.77,,
Nokia Nouveau téléphone 105,235.0,,,
realme 9i (6GB Ram + 128GB Rom) Snapdragon 680-50MP- 5000mAh-33W - Black,2190.0,,6,128
"Infinix Smart 8 6.6"" (128GB / 4GB jusqu'à 8Go ) 5000mAH - IPS LCD 90Hz - Vert",1240.0,6.6,4,128
Vivo Y03,1289.0,,,
Samsung Galaxy S24+ 5G Dual Sim 12GB / 256 GB (SM-S926BZABMWD),20958.0,,12,256
"Accent Tank P18 Gsm 2in1 powerBankk 5000mAh 1.8pouces Caméra et Video Bluetooth, radio FM, torche-LED",279.0,,,
OnePlus 12 5G 512Go 16Go Snapdragon 8 Gen3 Green vert,10450.0,,16,512
Samsung Galaxy A35 5G - 6.6'' - (8GB - 256 GB) -50MP+12MP+5MP+/32MP - VIOLET,4690.0,6.6,8,256
"Samsung Smartphone A55 Awesome Navy 6,6"" Octa Core 8Go 256Go Android 5G (SM-A556EZKWMWD)",8937.0,6.6,8,256
"Nokia 105 (2019) - 1.77"" - Dual Sim - 800 mAh Batterie Longue Durée - Noir - New",199.0,1.77,,
téléphone portable avec deux carte SIM,240.0,,,
Infinix Note 30 - (256Go ROM / 8GB jusqu'à 16Go) - Helio G99 - 64MP - Noir,2249.0,,8,256
"Samsung Galaxy A35 - 6.6"" – 8 GB RAM + 256 GB ROM - Jaune",4439.0,6.6,8,256
"Samsung Tablette Galaxy Tab A9 LTE 4G ""8GB / 128Go"" Mystic Silver (SM-X115NZSEMWD)",2993.0,,8,128
Samsung Galaxy A54 5G (Dual Sim) (SM-A546ELGCMWD),6655.0,,,
"Ulefone Armor X8 Rugged Phone, 4GB+64GB, waterproof dustproof shockproof- Black",1900.0,,4,64
Infinix S5 pro 4G ram - 64G - 6.53 pouces-camera 48MP,2250.0,2.0,4,64
Le plus petit téléphone portable GSM + Tapis Offert,140.0,,,
"realme C33 4G 6,5"" (4Go, 128Go) - 5000mAH - 50MP/5MP - Gold",1680.0,6.5,4,128
"Nokia Petit mais puissant Découvrez notre mini téléphone, la taille ne fait pas tout",230.0,,,
Samsung Galaxy A04s Rom 64GB RAM 4GB,1598.0,,4,64
"Tecno Spark 8C - 6,6'' HD+ - 4G - 2SIM -13Mpx - (3Go+3 Go + 64Go) - 5000 MAh",1220.0,6.6,3,64
Nokia BM5310 2G GSM Bluetooth caméra vidéo petit téléphone portable,319.0,,,
Honor X6A (4GB -128GB) Helio G35 -5200 mAh - 50 MP- NFC- SILVER,1459.0,,4,128
Samsung Smartphone S24 Ultra TITANIUM BLACK 12Go 1To (SM-S928BZKWMWD),25770.0,,12,1000
"XIAOMI Redmi Note 13 PRO (8Go, 256Go) Mediatek G99-Ultra- 200MP Violet",3590.0,6.67,8,256
"Nokia 150 - 2.4"" - Dual Sim - Noir",499.0,2.4,,
Accent Nubia 60k 4G Whatsapp-facbook-youtube,559.0,,,
"XIAOMI Redmi Note 13 6,6"" Amoled 120Hz (8Go, 128Go)Snapdragon 685 (6 nm) - 108MP- Green",2399.0,6.67,8,128
XIAOMI Redmi 10C (4GB -128GB) Snapdragon 680 -5000 mAh-50 MP-Bleu +Kit+Band,1590.0,,4,128
"realme C55 6,72"" (8Go, 256Go) - 5000mAH - Helio G88 - 64MP/8MP- Sunshower",2199.0,6.72,8,256
"Samsung Galaxy A25 - 6.3"" 8GB+256GB - Noir",3490.0,6.3,8,256
"XIAOMI Redmi Note 13 6,6"" Amoled 120Hz (8Go, 128Go)Snapdragon 685 (6 nm) - 108MP- Green",2499.0,6.67,8,128
Samsung Téléphone portable B350,329.0,2.40,,
"Tecno Spark 10 PRO - 6,6'' HD+ -16 MP - (RAM 8GB+8Go+ 256Go) - 5000 MAh - Noir",1799.0,6.6,8,256
Infinix HOT 40i - IPS LCD 90Hz (128Go ROM / 4GB jusqu'à 8 Go) - 50MP - Green,1430.0,,4,128
Samsung Galaxy A54 5G 8+256GB Lime (Dual Sim) (SM-A546ELGDMWD),5258.0,,8,256
Infinix HOT 20S X6827 - 6.78” - 128ROM + 8RAM - Light Rider White,2288.0,6.78,8,128
"Nokia 105 (2022)- DOUBLE SIM - 1.77"" - LED LAMPE - FM- Noir- Original",256.0,1.77,,
"Ulefone Armor X8 Rugged phone, 4GB + 64GB Octa-core, 5080mAh Battery, Fingerprint + Face ID",1890.0,,4,64
"Accent Star F5-1.77"" - Camera /Bluetooth /Micro Sd/ FM / Video Recorder /Games - Black",199.0,1.77,,
XIAOMI Redmi 12C (3GB - 64GB) MediaTek G 85 -5000 mAh-50 MP- NFC - Vert,1249.0,,3,64
"Samsung Galaxy A14 6.6"" 4G LTE (4GB RAM + 128GB ROM) - 50 Mpx - Noir",1980.0,6.6,4,128
Samsung galaxy a05s noir 6go 128go (sm-a057fzkhmwd),3130.0,,6,128
"Vivo Y03 6,5"" (64Go ROM / 4GB jusqu'à 8Go) - 5000mAH - Helio G85 - Gem Green",1290.0,6.5,4,64
"Samsung Galaxy A05s - 6,7"" FHD+ - 6GB+128GB - 50 MP - Noir + Band + Écouteur",2499.0,6.7,6,128
"Samsung Galaxy A05 - 6.7"" - 4GB + 64GB - Noir",1699.0,6.7,4,64
XIAOMI Redmi 10C (4GB -128GB) Snapdragon 680 - 5000 mAh-50 MP - Vert - Band + Écouteur,1949.0,,4,128
"Samsung Galaxy A34 - 6.6"" - 8GO RAM + 128GB ROM - 5000 mAh - Noir",3499.0,6.6,8,128
"Infinix Note 40 6.7"" (256Go ROM / 8GB jusqu'à 16Go) Helio G99 - 108 MP / 32MP - Gold",2850.0,6.7,8,256
Samsung Galaxy A04s 128 GB (SM-A047FZKHMWD),2332.0,,,128
Samsung Galaxy A24 6+128GB 6.5” FHD+ Super AMOLED 5000 mAh - SILVER,2699.0,6.5,6,128
Samsung Galaxy A54 5G (Dual Sim) (SM-A546EZWCMWD),5716.0,,,256
"Samsung Galaxy A25 5G 6.3"" (8GB RAM + 256GB ROM) - 50 Mpx - Jaune",3550.0,6.3,8,256
"XIAOMI Redmi Note 13 PRO (8Go, 256Go) Mediatek G99-Ultra- 200MP Violet",3190.0,6.67,8,256
Samsung Tablette Galaxy Tab A9+ 8GB+128GB Graphite (SM-X216BZAEMWD),4503.0,,8,128
"XIAOMI Redmi 13 - 6,79"" - 8+128 - Bleu",1999.0,6.79,8,128
XIAOMI Redmi 12C (4GB - 128GB) MediaTek G 85 -5000 mAh-50 MP- NFC - Vert,1449.0,,4,128
Vivo V25 5G (8 Go + 256 Go) - Ultra-Sensible OIS 64 MP-Noir),4799.0,,8,256
"XIAOMI Redmi Note 13 Pro 6.6"" (256GB / 8GB ) 200MP Helio G99 Ultra - Black",3599.0,6.6,8,256
"XIAOMI Redmi Note 13 6,6"" Amoled 120Hz (6Go, 128Go)Snapdragon 685 (6 nm) - 108MP- Noir",2399.0,6.67,6,128
Samsung galaxy smarttag2 noir (ei-t5600bbegma),395.0,,,
Samsung Galaxy A14 6.6'' LTE - 4GB + 128GB 50 Mpx - GREEN,1880.0,6.6,4,128
Samsung Galaxy A14 6.6'' LTE 6+128 GB 50 Mpx - Black,2249.0,6.6,6,128
"Samsung Galaxy A24 6.6"" 4G LTE (8GB RAM + 128GB ROM) - 50 Mpx - SILVER",2580.0,6.6,8,128
XIAOMI Redmi 10C (4GB -128GB) Snapdragon 680 - 5000 mAh-50 MP - Vert,1849.0,,4,128
Samsung galaxy s24 marble gray 8go 256 go (sm-s921bzacmwd),14383.0,,8,256
Samsung Tablette Galaxy Tab A9+ 4GB+64GB Graphite (SM-X216BZAAMWD),3904.0,,4,64
Infinix S5 pro 4G ram - 64G - 6.53 pouces-camera 48MP,2250.0,2.0,4,64
ipro Gsm A10mini -1.8'' Lcd -VGA-Dual Sim-Bluetooth- Micro Sd- Werless Fm-MP3-MP4-Black+bleu,199.0,1.8,,
Infinix hot 40i,1600.0,6.5,8,128
Samsung galaxy s24+ 5g dual sim 256 gb amber yellow (sm-s926bzybmwd),20958.0,,8,256
"Ulefone Armor X8 Rugged phone, 4GB + 64GB Octa-core, 5080mAh Battery, Fingerprint + Face ID",1900.0,,4,64
Mini telephone Business Telephone GSM Mobile Phone,135.15,,,
"Samsung Galaxy A25 5G 6.3"" (8GB RAM + 256 GB ROM) - 50 Mpx - Noir",3450.0,6.3,8,256
Infinix SMART 6 X6511B 32+2 - Light Sea Green,1199.0,6.6,2,32
"Oppo RENO 11F AMOLED - 6,7""(8 +8 Go RAM+256Go ROM) Mediatek -64 MP - Vert",4190.0,6.7,8,256
"XIAOMI Redmi Note 13 6,6"" Amoled 120Hz (8Go, 128Go)Snapdragon 685 (6 nm) - 108MP- Green",2499.0,6.67,8,128
Samsung Galaxy A14 6.6'' LTE - 4GB + 128GB 50 Mpx - SILVER,1880.0,6.6,4,128
"Tecno W5 - 5.5"" - 4G/Dual SIM - 16 Go - 1 Go Ram - Android 6.0 - Gris",1599.0,5.5,1,16
Samsung galaxy s24 onyx black 8go 256 go (sm-s921bzkcmwd),14383.0,,8,256
Infinix Hot 12 Play X6816 128 Rom 4 Ram - Champagne Gold,1705.0,6.82,4,128
"Petit mais puissant Découvrez notre mini téléphone, la taille ne fait pas tout",199.0,,,
"Ulefone Incassable Mobile Phone Armor X11 Pro 8150mAh Battery, 4GB+ 64GB Android12 Waterproof, HD+, 4G",2190.0,,4,64
"Ulefone Incassable phone Armor X11 Pro 8150mAh, 4GB+ 64GB Waterproof, 16MP Triple Camera 5.45 inch HD+",2100.0,,4,64
Nokia BM5310 2G GSM Bluetooth caméra vidéo petit téléphone portable,249.0,,,
Vivo V25 5G (8 Go+256 Go) - Ultra-Sensible OIS 64 MP-Couleur Changeante-Bleu,4599.0,,8,256
Samsung Tablette Galaxy Tab A9+ 8GB+128GB Mystic Navy (SM-X216BDBEMWD),4512.0,,8,128
"Infinix SMART 6 X657B - 6.6"" - 64 Go - 3 Go RAM - 8 MP - Quetzal Cyan",1399.0,6.6,3,64
"Samsung Galaxy A05 - 6.7"" - 4GB + 128GB - Vert clair",1849.0,6.7,4,128
Infinix HOT 20 X6826 128 Rom 4 Ram - Sonic Black,1799.0,,4,128
Samsung Tablette Galaxy Tab A9+ 8GB+128GB Mystic Silver (SM-X216BZSEMWD),4503.0,,8,128
"ZTE Mobile Phone Blade A54 6,6 pouces 8 GB RAM 64 GB ROM",1240.0,6.6,8,64
Honor X7A (4GB -128GB) Helio G35 -5000 mAh - 50 MP- NFC - Silver,2090.0,,4,128
SQ Mobile S15 Mini Robuste 3in1+ Power Bank 3000 mAh- Dual sim-Flash-Fm sans fil-Bluetooth,459.0,,,
"XIAOMI Redmi Note 13 Pro 6.6"" (256GB / 8GB ) 200MP Helio G99 Ultra - Black",3499.0,6.6,8,256
Nokia Telephone portable,399.0,,,
Samsung Tablette Galaxy Tab S9 8+128GB Graphite (SM-X716BZAAMWD),11811.0,,8,128
"XIAOMI Redmi Note 13 6,6"" Amoled 120Hz (6Go, 128Go)Snapdragon 685 (6 nm) - 108MP- Bleu",2399.0,6.67,6,128
"Samsung Smartphone A35 Awesome Lilac 6.6"" Octa Core 8Go 256Go Android 5G DS (SM-A356ELVVMWD)",7401.0,6.6,8,256
"Samsung Galaxy A05 - 6.7"" - 4GB + 128GB - Silver",1849.0,6.7,4,128
Samsung S24 Galaxy 12GB+ 512 GB Dual Sim - Cobalt Violet (SM-S926BZVCMWD),23287.0,6.7,12,512
XIAOMI Redmi 12C (4GB - 128GB) MediaTek G 85 -5000 mAh-50 MP- NFC - Gris,1449.0,,4,128
Samsung Galaxy Flip 5 5G (Dual Sim-256 GB) (SM-F731BZEAMWD),18163.0,6.7,8,256
Samsung Galaxy A54 - 6.4” FHD+ - 8GB + 256GB - 5000 mAh - Awesome graphite,4699.0,6.4,8,256
"XIAOMI Redmi Note 11 Pro - FHD+ de 6,67’’(8Go, 128Go) - 108MP- Gris",3399.0,6.67,8,128
Samsung Galaxy A04S - 4G - 6.5’’- 4Go / 64Go - 50MP - 5000mAh - Noir + Écouteur + Watch,1699.0,6.5,4,64
Samsung Smartphone S24 Ultra TITANIUMVIOLET 12Go 1To (SM-S928BZVWMWD),33381.0,,12,1000
Samsung Tablette Galaxy Tab A9+ 4GB+64GB Mystic Silver (SM-X216BZSAMWD),3904.0,,4,64
Samsung Tablette Galaxy Tab S9+ 12GB_512GB Beig (SM-X816BZEEMWD),22651.0,,12,512
"XIAOMI Redmi Note 13 6,6"" Amoled 120Hz (8Go, 128Go)Snapdragon 685 (6 nm) - 108MP- Bleu",2499.0,6.67,8,128
realme C55 (8GB Ram + 256GB Rom) Helio G88 - 64 MP- 5000mAh-33W- Rainy Night,2150.0,,8,256
"Samsung A05 6.7"" (4GB - 64GB) IPS LCD - 5000 mAh - 50MP- Noir",1200.0,6.7,4,64
Samsung galaxy a15 bleu foncé 8go 256go (sm-a155fzkimwd),3782.0,,8,256
Samsung Galaxy A35 5G - 6.6'' - (8GB - 256 GB) -50MP+12MP+5MP+/32MP - Noir,4690.0,6.6,8,256
Samsung Smartphone S24 Ultra TITANIUMGRAY 12Go 1To (SM-S928BZTWMWD),25770.0,,12,1000
XIAOMI Redmi 12C (6GB -128GB) MediaTek G 85 -5000 mAh-50 MP- NFC - vert,1599.0,,6,128
Samsung Galaxy A35 5G - 6.6'' - (8GB - 256 GB) -50MP+12MP+5MP+/32MP - ICE BLEU,4690.0,6.6,8,256
Samsung Galaxy A04S - 4G - 6.5’’- 4Go / 128Go - 50MP - 5000mAh - Noir + Écouteur + Watch,1799.0,6.5,4,128
Infinix HOT 20i X665E - 128Go ROM + 4Go RAM - Sunset Gold,1599.0,,4,128
"Nokia C10 Telephone Android 11 - 6.5"" HD+ 2/32GB - 3000mAh - HDR 5MP - Grey",1049.0,6.5,2,32
Samsung galaxy a15 jaune 8go 256go (sm-a155fzyimwd),3782.0,,8,256
XIAOMI Redmi 12C (4GB - 128GB) MediaTek G 85 -5000 mAh-50 MP- NFC - Vert,1449.0,,4,128
Samsung Galaxy A54 - 6.4” FHD+ - 8GB + 256GB - 5000 mAh - Awesome Lime,4699.0,6.4,8,256
Samsung Tablette Galaxy Tab S9 8+128GB Beige (SM-X716BZEAMWD),11811.0,,8,128
"Itel P55 24GB(8+16GB)/256GB, 50MP, 6.6” HD+ 90Hz, 18W - Aurora Blue",1450.0,6.6,8,256
Honor 90 Lite (8GB+8GB +256GB) MediaTek Dimensity 6020 - 100 MP - Cyan Lake,2590.0,6.67,8,256
Samsung A54 128,1199.0,,8,128
XIAOMI Redmi 12C (6GB -128GB) -5000 mAh -50 MP - NFC - Gris,1599.0,,6,128
"realme C55 6,72"" (8Go, 256Go) - 5000mAH - Helio G88 - 64MP/8MP- Sunshower",2150.0,6.72,8,256
Samsung Tablette Galaxy Tab S9FE 6+128GB Lavender (SM-X516BLIAMWD),7789.0,,6,128
Samsung Tablette Galaxy Tab S9FE 8+128GB Lavender (SM-X616BLIAMWD),9625.0,,8,128
Samsung Tablette Galaxy Tab S9 12+256GB Graphite (SM-X716BZAEMWD),14762.0,,12,256
XIAOMI Redmi 12C - 6.71'' - (6GB - 128GB) MediaTek G85 - 5000 mAh - 50MP - NFC - Vert,1629.0,6.71,6,128
Samsung Tablette Galaxy Tab A9+ 4GB+64GB Mystic Navy (SM-X216BDBAMWD),3904.0,,4,64
"Samsung Smartphone A55 Génial Lilas 6,6"" Octa Core 8Go 256Go Android 5G (SM-A556ELVWMWD)",8519.0,6.6,8,256
Samsung Galaxy A14 6.6'' LTE 4+128GB 50 Mpx - Black,2199.0,6.6,4,128
Samsung Tablette Galaxy Tab S9FE 8+128GB Mint (SM-X616BLGAMWD),12417.0,,8,128
Samsung Galaxy A54 - 6.4” FHD+ - 8GB + 128 GB - 5000 mAh - Awesome White,4399.0,6.4,8,128
Samsung A55 BLUE,5399.0,,8,128
Samsung Tablette Galaxy Tab S9+ 12GB_256GB Beig (SM-X816BZAAMWD),14762.0,,12,256
Samsung Tablette Galaxy Tab S9FE 6+128GB Graphite (SM-X516BZAAMWD),7789.0,,6,128
Samsung Tablette Galaxy Tab A9 8GB+128GB Graphite (SM-X115NZAEMWD),3876.0,,8,128
"Samsung A05s 6.7"" (4GB - 128GB) IPS LCD - Snapdragon 680 - 5000 mAh - 50MP- Green",1849.0,6.7,4,128
"Infinix Note 40 6.7"" (256Go ROM / 8GB jusqu'à 16Go) Helio G99 - 108 MP / 32MP - Noir",2850.0,6.7,8,256
Samsung Tablette Galaxy Tab S9 12+256GB Beige (SM-X716BZEEMWD),14762.0,,12,256
"Samsung Galaxy A04e - 6,5” HD+ - 3 / 32GB - 13 MP - Noir",1199.0,6.5,3,32
"XIAOMI Redmi Note 13 Pro 6.6"" (12GB / 512GB ) 200MP Helio G99 Ultra - Coral Purple",4199.0,6.6,12,512
"Infinix HOT 12 X6817 - 6,82 - 128GB ROM + 4GB RAM - Origin Blue",1842.0,6.82,4,128
Samsung Galaxy A54 - 6.4” FHD+ - 8GB + 256GB - 5000 mAh - Awesome White,4699.0,6.4,8,56
Samsung galaxy a15 jaune 4go 128 go (sm-a155fzydmwd),2394.0,,4,128
Samsung Galaxy A04s Copper Rom 128GB RAM 4GB,1749.0,,4,128
Samsung Smartphone S24 ultra TITANIUMVIOLET 12Go 512Go (SM-S928BZVQMWD),28723.0,,12,512
Samsung galaxy a15 4g dual sim 128 gb (sm-a155fzkdmwd),3021.0,,4,128
Infinix SMQRT 7HD,980.0,,,
"Iku X3 - 6.52"" (6 Go -128 Go) Dual Sim-4G - 48MP- 16MP - Mediatek - 5000 mAh- Bleu",1399.0,6.52,6,128
Samsung Tablette Galaxy Tab S9FE 8+128GB Silver (SM-X616BZSAMWD),9625.0,,8,128
Samsung Smartphone S24 Ultra TITANIUMYELLOW 12Go 256G (SM-S928BZYCMWD),20377.0,,12,256
"Samsung Smartphone A35 Awesome Navy 6.6"" Octa Core 8Go 256Go Android 5G DS (SM-A356EZKVMWD)",5991.0,6.6,8,256
"realme C33 4G 6,5"" (4Go, 128Go) - 5000mAH - 50MP/5MP - BLEU",1680.0,6.5,4,128
"XIAOMI Redmi Note 13 6,6"" Amoled 120Hz (8Go, 256Go)Snapdragon 685 (6 nm) - 108MP- Green",2799.0,6.67,8,256
Samsung A55 ROZ,5399.0,,8,128
"Infinix HOT 12 X6817 - 6,82 - 128GB ROM + 4GB RAM - Lucky Green",1799.0,6.82,4,128
"XIAOMI Redmi Note 13 6,6"" Amoled 120Hz (6Go, 128Go)Snapdragon 685 (6 nm) - 108MP- Green",2299.0,6.67,6,128
"Samsung Smartphone A35 Awesome Iceblue 6.6"" Octa Core 8Go 256Go Android 5G (SM-A356ELBVMWD)",7401.0,6.6,8,256
"Samsung A05 6.7"" (4GB - 64GB) IPS LCD - 5000 mAh - 50MP- Light Green",1290.0,6.7,4,64
XIAOMI Redmi 10C (4GB - 128GB) Snapdragon 680 - 5000 mAh-50 MP - Gris,1849.0,,4,128
Infinix HOT 20S X6827 - 6.78” - 128ROM + 8RAM - Tempo Blue,2288.0,6.78,8,128
Infinix HOT 40i - IPS LCD 90Hz (128Go ROM / 4GB jusqu'à 8 Go) - 50MP - Horizon Gold,1430.0,,4,128
"Samsung Smartphone A25 Yellow 6.5"" Exynos 1280 8Go 256Go Android 5G DS (SM-A256EZYHMWD)",4503.0,6.5,8,256
XIAOMI Redmi 12C - 6.71'' - (6GB - 128GB) MediaTek G85 - 5000 mAh - 50MP - NFC - Vert,1629.0,6.71,6,128
"XIAOMI Redmi 10A 6.53"" (4Go, 128 Go) Android 13MP /5MP - bleu",1399.0,6.53,4,128
"Infinix HOT 12 X6817 - 6,82 - 128GB ROM + 4GB RAM - Legend White",1799.0,6.82,4,128
Samsung Smartphone S24 ultra TITANIUMGRAY 12Go 512Go (SM-S928BZTQMWD),29499.0,,12,512
Samsung Galaxy A14 6.6'' LTE 6+128 GB 50 Mpx - Silver,2249.0,6.6,6,128
"Samsung Galaxy A34 - 6.6"" - 8GO RAM + 128GB ROM - 5000 mAh - Silver",3499.0,6.6,8,128
"Samsung Galaxy A34 - 6.6"" - 8GO RAM + 128GB ROM - 5000 mAh - Awesome Lime",3499.0,6.6,8,128
Samsung Tablette Galaxy Tab A9 8GB+128GB Mystic Navy (SM-X115NDBEMWD),2993.0,,8,128
Samsung galaxy s24 cobalt violet 8go 256 go (sm-s921bzvcmwd),18147.0,,8,256
Samsung Galaxy A54 - 6.4” FHD+ - 8GB + 128 GB - 5000 mAh - Awesome graphite,4399.0,6.4,8,128
"Samsung Galaxy A05 - 6.7"" - 4GB + 128GB - Vert clair",1849.0,6.7,4,128
Infinix Hot 12 Play X6816 128 Rom 4 Ram - Horizon Blue,1705.0,6.82,4,128
"XIAOMI Redmi Note 13 Pro 6.6"" (256GB / 8GB ) 200MP Helio G99 Ultra - Coral Purple",3499.0,6.6,8,256
ZTE 50 DESIGN,1650.0,,,
"Samsung Galaxy A05 - 6.7"" - 4GB + 128GB - Silver",1849.0,6.7,4,128
Samsung Galaxy A04S - 4G - 6.5’’- 4Go / 128Go - 50MP - 5000mAh - Blanc,1799.0,6.5,4,128
Samsung Smartphone S24 Ultra TITANIUMGRAY 12Go 256G (SM-S928BZTCMWD),26393.0,,12,512
"Tecno SPARK 8 - 6.52"" - (ROM 64Go RAM 4Go) - Turquoise Cyan",1700.0,6.52,4,64
Infinix Hot 12 Play X6816 128 Rom 4 Ram - Daylight Green,1740.0,6.82,4,128
Sony XPERIA Z3 TFT 5.2'' Full HD Android 4.4 Kitkat (XPERIA Z3 D6603),6731.0,5.2,3,16
"Samsung Smartphone A25 Yellow 6.5"" Exynos 1280 6Go 128Go Android 5G DS (SM-A256EZYDMWD)",4932.0,6.5,6,128
Nokia 110 2G (2022) Charcoal,399.0,,,
"Samsung Smartphone S23FE Cream 6.4"" Exynos 8Go 256Go Android (SM-S711BZWCMWD)",11345.0,6.4,8,256
"Samsung Smartphone S23FE Mint 6.4"" Exynos 8Go 256Go Android (SM-S711BLGCMWD)",8699.0,6.4,8,256
Samsung Galaxy S24 Amber Yellow 8Go 256 Go (SM-S921BZYCMWD),18628.0,,8,256
"XIAOMI Redmi Note 13 6,6"" Amoled 120Hz (8Go, 128Go)Snapdragon 685 (6 nm) - 108MP- Bleu",2399.0,6.67,8,128
Samsung Galaxy Flip 5 5G (Dual Sim-256 GB) (SM-F731BZAAMWD),14439.0,,8,256
XIAOMI Redmi 12C (4GB - 128GB) MediaTek G 85 -5000 mAh-50 MP- NFC - Violet,1449.0,,4,128
"Samsung Galaxy A05 - 6.7"" - 4GB + 128GB - Noir",1849.0,6.7,4,128
"Honor X7 - 6,74'' - 4G - (4Go - 128 Go) - 48 MP - 5000 mAh - Silver",2299.0,6.74,4,128
"Samsung Smartphone S23FE Purple 6.4"" Exynos 8Go 256Go Android ( SM-S711BZPCMWD)",11266.0,6.4,8,256
"XIAOMI Redmi Note 13 6,6"" Amoled 120Hz (6Go, 128Go)Snapdragon 685 (6 nm) - 108MP- Bleu",2299.0,6.67,6,128
Samsung galaxy a05s silver 6go 128go (sm-a057fzshmwd),3130.0,,6,128
"Samsung Galaxy A05s - 6,7"" FHD+ - 4GB+128GB - 50 MP - Noir + Band + Écouteur",2199.0,6.7,4,128
"Samsung Galaxy M13 - 6.6"" - 4GB RAM + 64 GB ROM - 50 MP- Green +Kit + Band",1490.0,6.6,4,64
Samsung Galaxy A14 6.6'' LTE 6+128 GB 50 Mpx - Light Green,2249.0,6.6,6,128
Samsung galaxy s24+ 5g dual sim 12gb I 256 gb (sm-s926bzvbmwd),20958.0,,12,256
Samsung Galaxy A54 - 6.4” FHD+ - 8GB + 128 GB - 5000 mAh - Awesome Lime,4399.0,6.4,8,128
XIAOMI Redmi 12C (4GB - 128GB) - 5000 mAh - 50 MP- NFC - Bleu,1449.0,,4,128
"Samsung Galaxy A05s - 6,7"" FHD+ - 6GB+128GB - 50 MP - Silver +Band + Écouteur",2499.0,6.7,6,128
Samsung Galaxy A24 6+128GB 6.5” FHD+ Super AMOLED 5000 mAh - Noir,2699.0,6.5,8,256
Samsung Smartphone S24 ultra TITANIUMBLACK 12Go 512Go (SM-S928BZKQMWD),22773.0,,12,512
"Samsung Smartphone A25 Blue black 6.5"" Exynos 1280 6Go 128Go Android 5G DS (SM-A256EZKDMWD)",3891.0,6.5,6,128
"Honor X6a 6.5"" (4GB -128GB) LCD 90Hz - 5200 mAh - 50MP- Bleu",1449.0,6.5,4,128
Samsung Galaxy A14 6.6'' LTE 4+128GB 50 Mpx Light Green,2199.0,6.6,4,128
Samsung galaxy a05s light violet 4go 128 go (sm-a057flvgmwd),2105.0,,4,128
"XIAOMI Redmi Note 13 6,6"" Amoled 120Hz (8Go, 128Go)Snapdragon 685 (6 nm) - 108MP- Noir",2599.0,6.67,8,128
Samsung galaxy a05s light violet 6go 128go (sm-a057flvhmwd),3130.0,,6,128
"Samsung Galaxy A05s - 6,7"" FHD+ - 6GB+128GB - 50 MP - Silver +Band + Écouteur",2499.0,6.7,6,128
XIAOMI Redmi 12C (4GB - 128GB) -5000 mAh-50 MP- NFC - Vert,1449.0,,4,128
"Samsung Smartphone A25 Light blue 6.5"" Exynos 1280 6Go 128Go Android 5G DS (SM-A256ELBDMWD)",4932.0,6.5,6,128
"Samsung Galaxy A05s - 6,7"" FHD+ - 4GB+128GB - 50 MP - Silver + Band + Écouteur",2199.0,6.7,4,128
"XIAOMI Redmi Note 13 6,6"" Amoled 120Hz (6Go, 128Go)Snapdragon 685 (6 nm) - 108MP- Bleu",2299.0,6.67,6,128
Samsung Galaxy A04S - 4G - 6.5’’- 4Go / 128Go - 50MP - 5000mAh - Pink,1799.0,6.5,4,128
Samsung Galaxy A05 4G Dual Sim 64GB,1499.0,,,64
"Samsung Galaxy M13 - 6.6"" - 4GB RAM + 64 GB ROM - 50 MP- Bleu +Kit + Band",1490.0,6.6,4,64
Samsung A55 BLACK,5399.0,6.6,8,256
ZTE BLAD 50 VITA,1490.0,6.75,3,64
Infinix SMART 8,1180.0,,3,64
"XIAOMI Redmi Note 13 6,6"" Amoled 120Hz (6Go, 128Go)Snapdragon 685 (6 nm) - 108MP- Noir",2299.0,6.67,6,128
XIAOMI Redmi 12C (6GB -128GB) MediaTek G 85 -5000 mAh-50 MP- NFC - Bleu,1599.0,,6,128
"Samsung Galaxy A05s - 6,7"" FHD+ - 4GB+128GB - 50 MP - Silver + Band + Écouteur",2199.0,6.7,4,128
"Samsung Galaxy A05 - 6.7"" - 4GB + 64GB - Noir",1699.0,6.7,4,64
"Samsung Smartphone A25 Blue black 6.5"" Exynos 1280 8Go 256Go Android 5G DS (SM-A256EZKHMWD)",5831.0,6.5,8,256
XIAOMI Redmi 12C (6GB - 128GB) - 5000 mAh - 50MP - NFC - Bleu,1629.0,,6,128
"Nokia 105-2024 - 1.77"" - FM Radio-LED torch - DOUBLE SIM",367.2,1.77,,
Samsung Galaxy Flip 5 5G (Dual Sim-256 GB) (SM-F731BLGAMWD),14436.0,,8,256
"XIAOMI Redmi Note 13 6,6"" Amoled 120Hz (8Go, 128Go)Snapdragon 685 (6 nm) - 108MP- Noir",2399.0,6.67,8,128
Samsung Smartphone S24 Ultra TITANIUMBLACK 12Go 256G (SM-S928BZKCMWD),25694.0,,12,256
Samsung Smartphone S24 Ultra TITANIUMVIOLET 12Go 256G (SM-S928BZVCMWD),26393.0,,12,256
"Nokia 105-2024 - 1.77"" - FM Radio-LED torch - DOUBLE SIM",345.0,1.77,,
"Samsung Smartphone A35 Awesome Lemon 6.6"" Octa Core 8Go 256Go Android 5G (SM-A356EZYVMWD)",7401.0,6.6,8,256
"XIAOMI Redmi Note 13 6,6"" Amoled 120Hz (8Go, 128Go)Snapdragon 685 (6 nm) - 108MP- Bleu",2499.0,6.67,8,128
Logicom Telephone L-195 -1.77'' -VGA- Bluetooth 3.0-Micro Sd- Fm-Torche-Double Sim,175.0,1.77,,
"Infinix HOT 12 X6817 - 6,82 - 128GB ROM + 4GB RAM - Racing Black",1799.0,6.82,4,128
"Samsung Smartphone A25 Light blue 6.5"" Exynos 1280 8Go 256Go Android 5G DS (SM-A256ELBHMWD)",4503.0,6.5,8,256
Telefunken Telephone Classy TF801 Double Sim Camera FM Multi media bluetooth Micro Sd,197.0,1.77,,
Téléphone SHTEL SM2409,281.0,,,
Samsung Galaxy A14 6.6'' LTE - 4GB + 128GB 50 Mpx - NOIR,1880.0,6.6,4,128
"XIAOMI Redmi Note 13 6,6"" Amoled 120Hz (8Go, 256Go)Snapdragon 685 (6 nm) - 108MP- Bleu",2799.0,6.67,8,256
"XIAOMI Redmi Note 13 6,6"" Amoled 120Hz (6Go, 128Go)Snapdragon 685 (6 nm) - 108MP- Green",2399.0,6.67,6,128
Samsung Galaxy A14 6.6'' LTE 6+128 GB 50 Mpx - Light Green,2249.0,6.6,6,128
"Samsung Galaxy A05 - 6.7"" - 4GB + 64GB - Silver",1699.0,6.7,4,64
"XIAOMI Redmi Note 13 Pro 6.6"" (256GB / 8GB ) 200MP Helio G99 Ultra - Coral Purple",3599.0,6.6,8,256
Samsung galaxy a05s silver 4go 128go (sm-a057fzsgmwd),2742.0,,4,128
Samsung galaxy a05 noir 4go 64go (sm-a055fzkdmwd),2323.0,,4,64
"Honor X6a 6.5"" (4GB -128GB) LCD 90Hz - 5200 mAh - 50MP- Cyan",1499.0,6.5,4,128
"XIAOMI Redmi Note 13 6,6"" Amoled 120Hz (8Go, 256Go)Snapdragon 685 (6 nm) - 108MP- Bleu",2699.0,6.67,8,256
"XIAOMI Redmi Note 13 6,6"" Amoled 120Hz (8Go, 256Go)Snapdragon 685 (6 nm) - 108MP- Green",2699.0,6.67,8,256
Samsung Galaxy A14 6.6'' LTE 4+128GB 50 Mpx - Silver,2199.0,6.6,4,128
Telefunken MOBILE PHONE TF703,203.15,,,
"XIAOMI Redmi Note 13 6,6"" Amoled 120Hz (6Go, 128Go)Snapdragon 685 (6 nm) - 108MP- Green",2399.0,6.67,6,128
"Samsung Galaxy M13 - 6.6"" - 4GB RAM + 64 GB ROM - 50 MP- Deep Green",1390.0,6.6,4,64
Samsung galaxy a05 silver 4go 64go (sm-a055fzsdmwd),1507.0,,4,64
"XIAOMI Redmi Note 13 6,6"" Amoled 120Hz (8Go, 256Go)Snapdragon 685 (6 nm) - 108MP- Bleu",2699.0,6.67,8,256
Nokia 105 Dual SIM Noir,246.05,,,
Samsung galaxy a05s noir 4go 128go (sm-a057fzkgmwd),2105.0,,4,128
"Samsung Galaxy A05 - 6.7"" - 4GB + 64GB - Vert clair",1699.0,6.7,4,64
XIAOMI Redmi 12C (6GB - 128GB) MediaTek G85 - 5000 mAh - 50MP - NFC - Bleu,1629.0,,6,128
"XIAOMI Redmi Note 13 6,6"" Amoled 120Hz (6Go, 128Go)Snapdragon 685 (6 nm) - 108MP- Bleu",2399.0,6.67,6,128
Samsung Téléphone mobile Dual Sim,259.0,,,
"XIAOMI Redmi Note 13 6,6"" Amoled 120Hz (8Go, 256Go)Snapdragon 685 (6 nm) - 108MP- Noir",2799.0,6.67,8,256
"XIAOMI Redmi Note 13 6,6"" Amoled 120Hz (8Go, 128Go)Snapdragon 685 (6 nm) - 108MP- Bleu",2599.0,6.67,8,128
"Samsung Galaxy A05s - 6,7"" FHD+ - 6GB+128GB - 50 MP - Noir + Band + Écouteur",2499.0,6.7,6,128
Samsung galaxy a05 vert 4go 64go (sm-a055flgdmwd),1507.0,,4,64
"XIAOMI Redmi Note 13 6,6"" Amoled 120Hz (8Go, 128Go)Snapdragon 685 (6 nm) - 108MP- Noir",2499.0,6.67,8,128
"XIAOMI Redmi Note 13 6,6"" Amoled 120Hz (8Go, 256Go)Snapdragon 685 (6 nm) - 108MP- Bleu",2699.0,6.67,8,256
"XIAOMI Redmi Note 13 6,6"" Amoled 120Hz (6Go, 128Go)Snapdragon 685 (6 nm) - 108MP- Green",2299.0,6.67,6,128
"XIAOMI Poco C40 - 6,71"" HD+ - (4GB/64GB) - 13MP - Android - Noir",1799.0,6.71,4,64
"Infinix Note 30 - 6.7""-(8 Go-256 Go) ram+ jusqu'a 8G AMOLED -Helio G 99 - 64 MP - BLEU",2299.0,6.7,8,256
"Accent Gsm 2in1 power bank 5000 mAh 2.4"" Caméra et Video Bluetooth radio FM torche-LED",269.0,2.4,,
Logicom Téléphone portable,199.0,,,
"XIAOMI Redmi A3 6.7"" - ( 128Go - 4RAM ) 13MP - 5000mAh - Forest Green",1280.0,6.7,4,128
Samsung galaxy a05 noir 4 go 128go (sm-a055fzkgmwd),1795.0,,4,128
"Nokia 105 (2019) 1.77"" (4Mo, 4Mo) Dual SIM - Noir",199.0,1.77,,
"XIAOMI Redmi Note 13 6,6"" Amoled 120Hz (8Go, 256Go)Snapdragon 685 (6 nm) - 108MP- Noir",2699.0,6.67,8,256
"XIAOMI Redmi Note 13 6,6"" Amoled 120Hz (6Go, 128Go)Snapdragon 685 (6 nm) - 108MP- Noir",2299.0,6.67,6,128
XIAOMI Redmi 12C - 6.71'' - (6GB - 128GB) - 50MP - NFC - Vert,1629.0,6.71,6,128
"XIAOMI Redmi Note 13 6,6"" Amoled 120Hz (6Go, 128Go)Snapdragon 685 (6 nm) - 108MP- Noir",2399.0,6.67,6,128
Telefunken MOBILE PHONE TF703,199.0,,,
"Infinix Note 30 - 6.7""-(8 Go-256 Go) ram+ jusqu'a 8G AMOLED -Helio G 99 - 64 MP - Noir",2299.0,6.7,8,256
"Infinix HOT 12i - 6,6"" Full HD+ - (4Go/64Go) - caméra 13 Mpx - Gold + Band + Écouteur",1699.0,6.6,4,64
"XIAOMI Redmi Note 13 6,6"" Amoled 120Hz (8Go, 256Go)Snapdragon 685 (6 nm) - 108MP- Green",2699.0,6.67,8,256
"Samsung Galaxy S21 Ultra 5G (128Go, 12Go) Noir - Neuf",6599.0,,12,128
Samsung Galaxy A05 Phone 6.7 4GB RAM 64GB Light Green (SM-A055FLGDMEA),1507.0,6.7,4,64
Samsung A05S,1850.0,6.7,4,128
ZTE A54 128G,1199.0,,8,128
Samsung A14 64G,1600.0,6.6,4,64
"Nokia 150 - 2.4"" - Dual Sim - Noir",599.0,2.4,,
Oppo F9 - 6.3'' FHD+ - 64GB - 4 GB Ram - Dual SIM - 25 MP - Sunrise Red,3449.0,6.3,4,64
"Itel RS4 24GB(12+12GB)/256GB, G99, Charge 45W, 6,6” 120Hz - Slivery White",1989.0,6.6,12,256
"Itel RS4 24GB(12+12GB)/256GB, G99, Charge 45W, 6,6” 120Hz - Lurex Black",1989.0,6.6,12,256
"XIAOMI Redmi A3x 6.7"" - ( 64Go - 3RAM ) 8MP - 5000mAh - Moonlight White",1073.0,6.7,3,64
"XIAOMI Redmi A3x 6.7"" - ( 64Go - 3RAM ) - 5000mAh - Midnight Black",1080.0,6.7,3,64
Iku X3,1199.0,6.52,,
Infinix 40I128,1350.0,6.5,,
"Apple iPhone 12 64GB 6,1"" Couleur Noir Black 5G ""Remis àNeuf""",5350.0,6.1,,64
"Apple iPhone 12 64GB 6,1"" Couleur Bleu Blue 5G ""Remis àNeuf""",5350.0,6.1,,64
"Apple iPhone 11 Pro MAX 64Go - Vert Nuit , 6.5"" - ""Remis à Neuf""",5380.0,6.5,,64
Samsung Galaxy A53 - 5G - 64 Mpx - 6Gb RAM 128Gb ROM - Android - Noir [ remis a neuf ],2373.0,,6,128
"Apple iPhone 11 Pro MAX 64Go - gold , 6.5"" - ""Remis à Neuf""",5690.0,6.5,,64
"Apple iPhone 11 Pro MAX 64Go - noir , 6.5"" - ""Remis à Neuf""",5480.0,6.5,,64
"Apple iPhone 11, 6.1"", 64Go - Blanc - Remis à Neuf",4890.0,6.1,,64
"Apple iPhone 11, 6.1"", 64Go - Noir- Remis à Neuf",4890.0,6.1,,64
Apple iPhone XR 64Go - Red Remis à Neuf,3650.0,6.1,,64
"Apple iPhone XR white, 6.1"", 64Go - blanc - ""Remis à Neuf""",3650.0,6.1,,64
XIAOMI NOTE 13 256B,2399.0,,,
"XIAOMI REDMI NOTE 13 PRO – 6.67""- 8GB + 256GB – MIDNIGHT BLACK",3342.0,6.67,8,256
Nokia 105 Dual SIM Noir,149.98,,,
"Apple iPhone XR, 6.1"", 3Go, 64Go - Blanc - Garantie 1 an",9000.0,6.1,3,64
"Apple iPhone XS, 5.8"", 4Go, 64Go - Argent - Garantie 1 an",14000.0,5.8,4,64
"Samsung Galaxy A03 Core - 6,5"" - 2Go RAM - 32Go ROM -onyx black",949.0,6.5,2,32
"Apple iPhone X, 5.8"", 3Go, 64Go - Argent - Garantie 1 an",9999.0,5.8,3,64
"Huawei Y6 Prime 2019 6"" 4G (2Go, 32Go) Android 9 Pie 13MP+8MP - Black",1380.0,6.0,2,32
"Apple iPhone XR, 6.1"", 3Go, 64Go - Noir - Garantie 1 an",9000.0,6.1,3,64
"Samsung Galaxy S10, 6.1"", 8Go, 128Go - Blanc - Garantie 1 an",8790.0,6.1,8,128
"Apple iPhone XS, 5.8"", 4Go, 64Go - Gris espace - Garantie 1 an",14000.0,5.8,4,64
"Samsung Galaxy A10s, 6.2"", 2Go, 32Go - Noir - Garantie 1 an",1299.0,6.2,2,32
Huawei Y9 (2019) - 6.5'' - 64GB - 4GB - 4 Camera - 16 MP - - Midnight Black,2599.0,6.5,4,64
"Huawei Y3 2017 3G 5"" (8Go,1 Go) Android - Gold",899.0,5.0,1,8
"Samsung Galaxy A70, 6.7"", 6Go, 128Go - Noir - Garantie 1 an",3999.0,6.7,6,128
"Accent Pearl - 5"" - 16 Go - 2Go - Android - Gold",459.0,5.0,2,16
"Samsung Galaxy A10, 6.2"", 2Go, 32Go - Bleu - Garantie 1 an",1299.0,6.2,2,32
"Samsung Galaxy S10+, 6.4"", 8Go, 128Go - Noir - Garantie 1 an",9990.0,6.4,8,128
"Apple iPhone 7 CPO Reconditionné Premium- 4.7"" - 32 GB - 2Go - IOS 10 – 12MP - Silver",5349.0,4.7,2,32
"Samsung Galaxy A30, 6.4"", 4Go, 64Go - Blanc - Garantie 1 an",2078.0,6.4,4,64
"Huawei Y6 Prime 2019 6"" 4G (2Go, 32Go) Android 9 Pie 13MP+8MP - Bleu",1380.0,6.0,2,32
"Samsung Galaxy S8 - 5.8"" - 64 Go - 4 Go - Octa Core - Noir",6990.0,5.8,4,64
"Samsung Galaxy A20, 6.4"", 3Go, 32Go - Noir - Garantie 1 an",1699.0,6.4,3,32
"Apple iPhone 13 5G 6.1"" (4Go, 128Go) – Rouge",19000.0,6.1,4,128
"Samsung Galaxy S10+, 6.4"", 8Go, 128Go - Vert - Garantie 1 an",9999.0,6.4,8,128
"Samsung Galaxy A80, 6.7"", 8Go, 128Go - Argent - Garantie 1 an",5723.0,6.7,8,128
"Samsung Galaxy S9, 5.8"", 4Go, 64Go - Violet - Garantie 1 an",5000.0,5.8,4,64
"Samsung Galaxy S10+, 6.4"", 8Go, 128Go - Blanc - Garantie 1 an",9999.0,6.4,8,128
"Samsung Galaxy S10, 6.1"", 8Go, 128Go - Noir - Garantie 1 an",8790.0,6.1,8,128
"Samsung Galaxy A10, 6.2"", 2Go, 32Go - Noir - Garantie 1 an",1599.0,6.2,2,32
"Nokia 2.4 6.5"" (2Go, 32Go) 13 MP+2 MP/5MP Android - Fjord",1099.0,6.5,2,32
"Samsung Galaxy A80, 6.7"", 8Go, 128Go - Doré - Garantie 1 an",5999.0,6.7,8,128
"Infinix Hot 7 -Duo (16GB - 1GB) 6.2"" - (8FF- 13MP) - 4000mAh - cosmic purpple",1149.0,6.2,1,16
"Samsung Galaxy S9, 5.8"", 4Go, 64Go - Noir - Garantie 1 an",6490.0,5.8,4,64
"Samsung Galaxy J4+, 6.0'', 2Go, 32Go - Or - Garantie 1 an",1599.0,6.0,2,32
"Samsung Galaxy S8 - 5.8"" - 64 Go - 4 Go - Octa Core - Gold",6990.0,5.8,4,64
"Nokia 2.2 5.71"" 4G (2Go, 16Go) Dual SIM Android Pie 13MP/5MP - Noir",990.0,5.71,2,16
"Samsung Galaxy A20 6.4"", 3Go, 32Go - Bleu - Garantie 1 an",1699.0,6.4,3,32
"Samsung Galaxy A20, 6.4"", 3Go, 32Go - Rouge - Garantie 1 an",1699.0,6.4,3,32
"Nokia 3310 - 2.4"" - Multicolore DS",900.0,2.4,,
Samsung GSM C3011,182.0,,,
"Nokia 3310 - 2.4"" - Multicolore DS",500.0,2.4,,
"Honor 10 Lite 6.2"" 4G (3Go, 64Go) Android 9.0 Pie - Rouge",2499.0,6.21,3,64
"Samsung Galaxy J4+, 6.0'', 2Go, 32Go - Noir - Garantie 1 an",1599.0,6.0,2,32
"Samsung J2 Core 2018, 5"", 1Go, 8Go - Noir - Garantie 1 an",949.0,5.0,1,8
"Samsung Galaxy J8, 6.0'', 4Go, 64Go - Noir - Garantie 1 an",1997.0,6.0,4,64
Blackberry Curve 9380,2790.0,3.2,,
"Samsung Galaxy J8, 6.0'', 4Go, 64Go - Bleu - Garantie 1 an",1997.0,6.0,4,64
Oukitel C12 Pro - 4G - 6.18' - 2GB+16GB - Face ID & Fingerprint Identification - Android 8.1 - Violet,1441.0,6.18,2,16
"Nokia 2.4 6.5"" (2Go, 32Go) 13 MP+2 MP/5MP Android - Purple",1069.0,6.5,2,32
"Samsung Galaxy J6 plus, 6"", 3Go, 32Go - Noir - Garantie 1 an",2499.0,6.0,3,32
"Samsung J2 Core 2018, 5"", 1Go, 8Go - Or - Garantie 1 an",949.0,5.0,1,8
"Samsung Galaxy S9, 5.8"", 4Go, 64Go - Gris - Garantie 1 an",6490.0,5.8,4,64
"Samsung Galaxy J8, 6.0'', 4Go, 64Go - Doré - Garantie 1 an",1997.0,6.0,4,64
"Infinix SMART 2 HD, 6"", 1Go, 16 Go - Doré - Garantie 1 an",1099.0,6.0,1,16
Accent Nubia 33P - Triples Sim - Micro SD - Radio FM - 2500mAh - Camera - Gris,259.0,,,
LG P705 Optimus L7,3098.0,,,
"Infinix Hot 5 Lite – 5,5"" – 16 Go - 1 Go Ram - Dual Speaker - Rouge",1079.0,5.5,1,16
LG A290,832.0,,,
"Infinix SMART 3 4G 5.5"" (1Go, 16Go) Android - Bleu",999.0,5.5,1,16
"Oale P1 5.5"" (2GB, 16GB ROM) Android 8.0 8MP + 5MP - Rose Gold",999.0,5.5,2,16
"Infinix SMART 3 4G 5.5"" (1Go, 16Go) Android - Noir",999.0,5.5,1,16
"Oale P1 5.5"" (2GB, 16GB ROM) Android 8.0 8MP + 5MP - Noir",999.0,5.5,2,16
"Infinix SMART 3 4G 5.5"" (1Go, 16Go) Android - Violet",999.0,5.5,1,16
"Accent Nubia 44 - 2.4"" - Radio Fm - Camera/Vidéo - Card memoire - Bleutooth - Bleu",189.0,2.4,,
"Samsung Galaxy A7, 6.0"", 4Go, 128Go - Noir - Garantie 1 an",2694.0,6.0,4,128
"Samsung Galaxy A7, 6.0"", 4Go, 128Go - Or - Garantie 1 an",2890.0,6.0,4,128
"Oale Apex 1 6"" HD (2GB, 32GB ROM) Android 8.1 13MP +8MP - Rose Gold",1790.0,6.0,2,32
"Oale Apex 1 6"" HD (2GB, 32GB ROM) Android 8.1 13MP +8MP - Rouge",1790.0,6.0,2,32
Htc Desire C Noir,2025.0,,,
"Oale X4 - 5.7"" - 4G/Dual SIM - 16Go - 2Go - Android - Gold",999.0,5.7,,
Htc Desire A8181,3915.0,,,
Htc Desire C Blanc,2025.0,,,
"Oale Apex 1 6"" HD (2GB, 32GB ROM) Android 8.1 13MP +8MP - Noir",1790.0,6.0,2,32
Oale X2 - 4G/Dual SIM - 16Go - 2Go - Android - Rouge,1290.0,5.5,2,16
Oale X2 - 4G/Dual SIM - 16Go - 2Go - Android - Gold,1290.0,5.5,2,16
"Oale X5 - 6"" - 4G/Dual SIM - 16Go - 2Go - Android - Empreinte digitale - Gold",1890.0,6.0,2,16
Htc One V - Gris,2859.0,,,
Htc Explorer,2140.0,,,
"Oale X4 - 5.7"" - 4G/Dual SIM - 16Go - 2Go - Android - Noir",1590.0,5.7,2,16
Oale X3 - 4G/Dual SIM - 16Go - 2Go - Android - Noir,1390.0,5.5,2,16
Htc Desire S,3260.0,3.2,,
"Yezz ANDY 5EL 5"" 4G Double sim - 8Go - sd card 8Go - 1 Go Ram - Android",645.0,5.0,1,8
"Oale X1 - 4G/Dual SIM - 5.5"" - 16Go - 2Go - Android - Bleu",1290.0,5.5,2,16
